ACCIDENT_YEAR,COLLISION_DATE,COLLISION_TIME,MONTH,SEASON,24HOURS,DAY_OF_WEEK,INTERSECTION,WEATHER_1,STATE_HWY_IND,ROAD_SURFACE,ROAD_COND_1,LIGHTING,STWD_VEHTYPE_AT_FAULT,CHP_VEHTYPE_AT_FAULT,DIRECTION,PCF_VIOL_CATEGORY,TYPE_OF_COLLISION,PEDESTRIAN_ACCIDENT,BICYCLE_ACCIDENT,MOTORCYCLE_ACCIDENT,TRUCK_ACCIDENT,MVIW,TOW_AWAY,HIT_AND_RUN,CONTROL_DEVICE,NUMBER_INJURED,COUNT_PED_INJURED,COUNT_BICYCLIST_INJURED,COUNT_MC_INJURED,PCF_VIOLATION,PARTY_COUNT,POINT_Y,POINT_X,COLLISION_SEVERITY
2012,2012-03-09,1240,3,1,12,5,N,A,N,A,H,A,-,- ,S,03,C,,,,,C,N,N,A,1,0,0,0,22350.0,2,37.8698449,-122.50346282,4
2012,2012-03-05,1450,3,1,14,1,Y,A,N,A,H,A,A,01,,12,D,,,,,C,Y,N,A,2,0,0,0,21453.0,2,37.97073491,-122.5234132,4
2012,2012-03-04,1720,3,1,17,7,N,A,Y,A,H,A,C,02,N,03,B,,,Y,,C,Y,N,D,1,0,0,1,22350.0,2,37.83490436,-122.48439169,2
2012,2012-03-10,1228,3,1,12,6,N,B,N,A,H,A,A,01,,21,B,,,,,C,Y,N,A,1,0,0,0,22106.0,2,37.97379494,-122.53451316,4
2012,2012-03-16,1358,3,1,13,5,Y,C,Y,B,H,A,A,07,,12,D,,,,,C,Y,N,A,3,0,0,0,21453.0,2,37.958225,-122.5036432,4
2012,2012-03-16,1900,3,1,19,5,N,C,N,B,H,C,A,01,E,07,C,,,,,C,N,N,D,2,0,0,0,21658.0,2,38.0193193,-122.53075084,4
2012,2012-03-05,1705,3,1,17,1,Y,A,N,A,H,A,A,01,,08,A,,,,,C,Y,N,D,1,0,0,0,22107.0,3,37.96626495,-122.51016312,3
2012,2012-03-18,1855,3,1,18,7,Y,A,N,A,H,A,A,01,,09,A,,,,,C,N,N,A,1,0,0,0,21801.0,2,37.97343492,-122.5307532,4
2012,2012-03-02,1640,3,1,16,5,N,A,Y,A,H,A,A,01,N,03,C,,,,,C,Y,N,D,1,0,0,0,22350.0,3,38.16383919,-122.57609544,4
2012,2012-03-05,1617,3,1,16,1,Y,A,N,A,H,A,A,01,,- ,G,Y,,,,B,N,N,A,1,1,0,0,,2,37.97219484,-122.52840325,3
2012,2012-04-14,913,4,1,9,6,N,A,N,A,H,A,N,60,W,11,G,Y,,,,B,N,N,D,1,1,0,0,21954.0,2,37.98220935,-122.59329032,4
2012,2012-04-12,1216,4,1,12,4,Y,B,N,A,H,A,A,01,,09,D,,,,,C,Y,N,D,2,0,0,0,21802.0,2,37.97510486,-122.5372032,3
2012,2012-04-14,1724,4,1,17,6,N,A,N,A,H,A,A,01,,08,B,,,,,C,Y,N,D,1,0,0,0,22107.0,2,38.006622,-122.53959,4
2012,2012-03-15,914,3,1,9,4,N,C,N,B,H,A,-,- ,S,03,C,,,,,C,N,M,D,1,0,0,0,22350.0,2,37.96518665,-122.5221249,4
2012,2012-02-17,1108,2,4,11,5,N,A,N,A,H,A,L,04,N,- ,A,,Y,,,G,N,N,D,1,0,1,0,,2,37.91822651,-122.52866328,3
2012,2012-03-19,806,3,1,8,1,N,A,N,A,H,A,-,- ,W,10,A,Y,,,,B,N,N,A,1,1,0,0,21950.0,2,37.92057096,-122.51007646,4
2012,2012-03-21,943,3,1,9,3,Y,A,N,A,H,A,A,01,,07,B,,,,,C,N,F,A,1,0,0,0,21658.0,2,37.97128486,-122.52098317,4
2012,2012-03-17,1807,3,1,18,6,Y,A,Y,A,H,A,A,08,,21,C,,,,,C,N,N,A,2,0,0,0,22106.0,2,37.958225,-122.5036432,4
2012,2012-03-07,1607,3,1,16,3,Y,A,N,A,H,A,L,04,,09,H,,Y,,,G,N,N,A,1,0,1,0,21801.0,2,37.97416486,-122.52222322,3
2012,2012-04-16,1004,4,1,10,1,N,A,N,A,H,A,-,- ,W,18,H,,Y,,,A,N,N,D,1,0,1,0,,1,,,2
2012,2012-04-07,1215,4,1,12,6,N,A,Y,A,H,A,D,22,S,03,C,,,,,C,Y,N,D,2,0,0,0,22350.0,2,37.87631499,-122.51093319,4
2012,2012-04-10,1005,4,1,10,2,N,B,Y,B,H,A,A,01,S,03,D,,,,,C,Y,N,D,1,0,0,0,22350.0,3,38.06346972,-122.53512085,4
2012,2012-03-22,1550,3,1,15,4,N,A,N,A,H,A,A,01,W,21,C,,,,,C,N,N,A,2,0,0,0,22106.0,2,37.97644707,-122.56184956,4
2012,2012-03-10,2200,3,1,22,6,N,A,N,A,H,D,A,01,S,08,B,,,,,E,N,M,D,1,0,0,0,22107.0,3,37.98086439,-122.57679326,3
2012,2012-03-15,1429,3,1,14,4,Y,A,N,A,H,A,L,04,,09,D,,Y,,,G,N,N,A,1,0,1,0,21804.0,2,37.98002488,-122.56516322,4
2012,2012-03-01,1150,3,1,11,4,Y,B,N,B,H,A,A,01,,12,D,,,,,C,Y,N,A,2,0,0,0,21453.0,2,37.976634,-122.5543815,4
2012,2012-03-28,1645,3,1,16,3,-,A,N,A,H,A,L,04,,05,A,,Y,,,G,N,N,D,1,0,1,0,21650.0,2,37.8607613,-122.49655902,4
2012,2012-04-11,1254,4,1,12,3,N,A,N,A,H,A,A,01,E,03,C,,,,,C,N,N,D,1,0,0,0,22350.0,2,37.90223551,-122.53372192,4
2012,2012-04-17,1513,4,1,15,2,N,A,N,A,H,A,D,72,S,03,C,,,,,C,N,N,D,1,0,0,0,22350.0,2,38.01560819,-122.54090897,4
2012,2012-03-11,1640,3,1,16,7,N,A,N,A,H,A,A,01,E,08,F,,,,,J,Y,N,D,1,0,0,0,22107.0,1,38.11985604,-122.60862707,3
2012,2012-03-21,1730,3,1,17,3,Y,A,N,A,H,A,C,03,,03,E,,,Y,,I,Y,N,A,1,0,0,1,22350.0,1,37.96032484,-122.51165319,2
2012,2012-03-19,1625,3,1,16,1,N,A,N,A,H,A,A,01,E,09,H,,,,,A,N,N,D,1,0,0,0,21801.0,2,37.95389998,-122.49512078,3
2012,2012-03-27,1838,3,1,18,2,Y,C,N,B,H,A,L,04,,01,D,,Y,,,G,N,N,A,1,0,1,0,21200.0,2,37.97331495,-122.52951322,4
2012,2012-03-25,1133,3,1,11,7,N,B,N,D,G,A,A,07,N,03,A,,,,,C,Y,N,D,2,0,0,0,22350.0,2,37.96554538,-122.53321063,3
2012,2012-03-27,1250,3,1,12,2,Y,B,N,B,H,A,A,01,,09,D,,,,,C,N,N,D,1,0,0,0,21801.0,2,37.97255484,-122.52294321,4
2012,2012-03-19,1750,3,1,17,1,Y,B,N,A,H,A,A,01,,08,D,,,,,C,Y,N,A,1,0,0,0,22107.0,2,37.95080484,-122.54968325,4
2012,2012-03-23,935,3,1,9,5,N,A,N,A,H,A,A,01,W,09,A,,,,,C,Y,N,D,2,0,0,0,21801.0,2,38.17869901,-122.59948722,4
2012,2012-03-23,1615,3,1,16,5,N,B,N,A,H,A,A,01,S,05,A,,,,,C,Y,N,D,2,0,0,0,21650.0,2,38.01315601,-122.67284906,3
2012,2012-03-29,830,3,1,8,4,N,B,Y,A,H,A,A,01,N,03,C,,,,,C,N,N,D,1,0,0,0,22350.0,2,38.0117021,-122.54211546,4
2012,2012-03-30,1820,3,1,18,5,N,B,Y,A,H,A,A,01,S,03,C,,,,,C,Y,F,D,1,0,0,0,22350.0,3,38.101635,-122.56149322,4
2012,2012-04-02,800,4,1,8,1,N,A,Y,A,D,A,A,01,S,03,C,,,,,C,N,N,D,1,0,0,0,22350.0,2,38.08747426,-122.55435193,4
2012,2012-04-03,345,4,1,3,2,N,A,Y,A,H,D,A,07,S,01,E,,,,,I,Y,N,D,1,0,0,0,23152.0,1,37.98417881,-122.52330682,4
2012,2012-03-29,1734,3,1,17,4,N,A,N,A,H,A,A,01,E,08,D,,,,,C,Y,N,D,1,0,0,0,22107.0,2,37.98567048,-122.58246814,4
2012,2012-04-07,1437,4,1,14,6,N,A,N,A,H,A,C,02,W,03,C,,,Y,,C,N,N,D,2,0,0,2,22350.0,2,37.98674555,-122.58432953,3
2012,2012-04-01,1330,4,1,13,7,N,A,N,A,H,A,L,04,E,03,F,,Y,,,A,N,N,D,1,0,1,0,22350.0,1,37.9588929,-122.51992555,3
2012,2012-04-09,1410,4,1,14,1,N,A,N,A,H,A,-,- ,W,03,B,,,,,I,Y,N,D,1,0,0,0,22350.0,1,37.97408557,-122.48554863,3
2012,2012-04-12,2015,4,1,20,4,Y,C,N,B,H,C,A,01,,03,C,,,,,C,N,N,A,1,0,0,0,22350.0,2,38.00732495,-122.54392323,4
2012,2012-04-06,1032,4,1,10,5,Y,A,N,A,H,A,A,01,,12,D,,,,,C,N,N,A,1,0,0,0,21453.0,2,37.9715849,-122.53233321,4
2012,2012-02-03,1259,2,4,12,5,Y,A,N,A,H,A,A,01,,09,H,,Y,,,G,N,N,D,1,0,1,0,21804.0,2,37.99060494,-122.59194318,3
2012,2012-04-19,1112,4,1,11,4,N,A,N,A,H,A,A,01,S,05,E,,,,,I,Y,N,D,1,0,0,0,21650.0,1,37.90186892,-122.48223528,4
2012,2012-04-18,1515,4,1,15,3,N,A,N,A,H,A,A,01,S,17,B,,Y,,,G,N,N,D,1,0,1,0,22517.0,2,37.97031962,-122.53251722,3
2012,2012-04-13,1515,4,1,15,5,N,A,N,A,H,A,A,01,E,08,E,,,,,I,Y,N,A,1,0,0,0,22107.0,1,38.00098867,-122.60898117,4
2012,2012-04-09,1950,4,1,19,1,N,B,N,A,H,D,A,01,N,21,B,,,,,C,Y,N,D,1,0,0,0,22106.0,2,37.86802931,-122.50872552,3
2012,2012-04-16,1425,4,1,14,1,N,A,Y,A,H,A,A,07,N,01,F,,,,,A,Y,N,D,2,0,0,0,23152.0,1,38.096915,-122.56192322,3
2012,2012-04-17,805,4,1,8,2,N,B,Y,A,H,A,C,02,S,03,C,,,Y,,C,Y,N,D,1,0,0,1,22350.0,2,37.93450999,-122.5166568,4
2012,2012-04-11,1710,4,1,17,3,N,B,Y,A,H,A,A,07,S,08,F,,,,,A,Y,N,D,5,0,0,0,22107.0,1,38.07339362,-122.54069222,2
2012,2012-04-16,1255,4,1,12,1,Y,A,N,A,H,A,L,04,,03,H,,Y,,,G,N,N,D,1,0,1,0,22350.0,1,37.83802493,-122.4830831,2
2012,2012-04-05,1755,4,1,17,4,N,A,Y,A,H,A,C,02,N,03,C,,,Y,,C,Y,N,D,1,0,0,1,22350.0,2,37.8762871,-122.51090065,3
2012,2012-04-06,1710,4,1,17,5,N,A,N,A,H,A,A,01,E,08,E,,,,,I,Y,N,D,1,0,0,0,22107.0,1,38.00702893,-122.48933913,4
2012,2012-04-06,2047,4,1,20,5,N,A,Y,A,H,C,A,07,N,03,C,Y,,,,C,Y,N,D,2,0,0,0,22350.0,4,37.93383488,-122.51654365,4
2012,2012-04-06,1045,4,1,10,5,Y,A,N,A,H,A,L,04,,09,H,,Y,,,G,N,N,D,1,0,1,0,21802.0,2,38.09727489,-122.73351329,2
2012,2012-04-07,1005,4,1,10,6,N,B,Y,A,H,A,A,01,N,08,B,,,,,C,Y,N,D,1,0,0,0,22107.0,2,38.14005183,-122.56409091,3
2012,2012-04-08,750,4,1,7,7,N,A,N,A,B,A,C,02,E,03,F,,,Y,,A,N,N,D,1,0,0,1,22350.0,1,37.91394156,-122.61077464,3
2011,2011-03-03,2228,3,1,22,4,N,A,Y,A,H,C,A,01,S,03,D,,,,,C,Y,N,D,2,0,0,0,22350.0,2,37.98813859,-122.52669283,3
2011,2011-03-03,2229,3,1,22,4,N,B,Y,A,H,C,-,- ,S,18,D,,,,,C,Y,N,D,1,0,0,0,,3,37.98813859,-122.52669283,3
2012,2012-04-26,1640,4,1,16,4,N,A,Y,A,H,A,A,07,S,07,C,,,,,C,Y,F,D,2,0,0,0,21658.0,3,37.99061694,-122.52914515,3
2012,2012-04-18,1856,4,1,18,3,N,A,N,A,H,A,A,01,W,03,-,,,,,E,Y,N,D,1,0,0,0,22350.0,3,37.99521648,-122.57776069,3
2012,2012-04-18,1652,4,1,16,3,N,A,N,A,H,A,A,01,E,08,A,,,,,C,N,N,D,2,0,0,0,22107.0,2,37.98323641,-122.57033656,4
2012,2012-04-20,940,4,1,9,5,Y,A,N,A,H,A,D,22,,06,H,,Y,,,G,N,F,D,1,0,1,0,21750.0,2,37.90350487,-122.51906324,3
2012,2012-04-23,755,4,1,7,1,N,B,Y,A,H,A,A,01,N,03,C,,,,Y,C,Y,N,D,2,0,0,0,22350.0,2,38.04772635,-122.53273783,4
2012,2012-04-18,1545,4,1,15,3,Y,A,Y,A,H,A,A,01,,09,D,,,,,C,Y,N,A,1,0,0,0,21802.0,2,38.06429741,-122.80516453,3
2012,2012-04-18,858,4,1,8,3,N,A,Y,A,H,A,A,01,N,03,C,,,,,C,Y,N,D,2,0,0,0,22350.0,2,37.97943532,-122.5210049,3
2012,2012-04-19,1825,4,1,18,4,N,A,Y,A,H,A,F,26,N,03,C,,,,Y,C,Y,N,D,2,0,0,0,22350.0,4,37.99063332,-122.52938153,3
2012,2012-05-01,840,5,1,8,2,N,A,Y,A,H,A,D,22,E,04,C,,,,,C,Y,N,D,2,0,0,0,21703.0,3,37.942635,-122.47778319,4
2012,2012-04-19,430,4,1,4,4,N,A,N,A,H,C,A,01,N,01,E,,,,,I,Y,N,D,1,0,0,0,23152.0,1,37.84646924,-122.47829202,3
2012,2012-04-30,1119,4,1,11,1,N,A,N,A,H,A,A,01,N,09,D,,,Y,,C,N,N,D,1,0,0,1,21804.0,2,,,3
2012,2012-04-22,1231,4,1,12,7,N,A,N,A,C,A,L,04,W,03,H,,Y,,,G,N,N,D,1,0,1,0,22350.0,2,38.02546379,-122.55876586,2
2012,2012-04-24,815,4,1,8,2,N,A,Y,A,H,A,A,01,N,04,C,,,,,C,Y,N,D,2,0,0,0,21703.0,5,37.82588471,-122.47918296,3
2012,2012-04-19,1843,4,1,18,4,Y,A,Y,A,H,A,A,07,,09,D,,,,,C,Y,N,D,1,0,0,0,21802.0,2,37.87949002,-122.53478766,3
2012,2012-04-22,1115,4,1,11,7,N,A,N,A,B,A,L,04,E,03,F,,Y,,,A,N,N,D,1,0,1,0,22350.0,1,37.89301824,-122.62372213,3
2012,2012-04-26,1720,4,1,17,4,N,A,Y,A,H,A,A,07,S,03,C,,,,,C,N,N,D,1,0,0,0,22350.0,2,38.00164707,-122.53783677,4
2012,2012-04-25,1925,4,1,19,3,N,B,N,B,H,A,A,01,E,03,A,,,,,C,Y,N,D,2,0,0,0,22350.0,2,37.94439937,-122.50564236,3
2012,2012-04-24,1721,4,1,17,2,N,A,Y,A,H,A,L,04,S,22,F,,Y,,,A,N,N,D,1,0,1,0,,1,37.96474822,-122.51399427,4
2012,2012-04-23,555,4,1,5,1,Y,A,N,A,H,B,-,- ,,12,D,,,,,C,Y,N,A,2,0,0,0,21453.0,2,37.95051484,-122.53375322,2
2012,2012-04-21,1025,4,1,10,6,N,A,Y,A,H,A,A,01,S,03,C,,,,,C,Y,N,D,4,0,0,0,22350.0,2,37.88039377,-122.51644975,3
2012,2012-04-22,1410,4,1,14,7,Y,A,N,A,H,A,A,07,,09,H,,Y,,,G,N,N,A,1,0,1,0,21802.0,2,38.06158487,-122.81768323,3
2012,2012-04-28,1415,4,1,14,6,N,A,Y,A,H,A,C,02,N,03,E,,,Y,,I,Y,N,D,1,0,0,1,22350.0,1,38.09250498,-122.82717326,3
2012,2012-04-26,1535,4,1,15,4,N,A,Y,A,H,A,A,01,S,09,D,,,,,C,Y,N,D,2,0,0,0,21801.0,2,37.8818299,-122.52485177,3
2012,2012-04-19,1720,4,1,17,4,N,A,Y,A,H,A,C,02,S,03,F,,,Y,,A,Y,N,D,1,0,0,1,22350.0,1,37.97767885,-122.5207467,2
2012,2012-04-23,1715,4,1,17,1,N,B,Y,A,H,A,A,01,S,04,C,,,,,C,Y,N,D,2,0,0,0,21703.0,3,38.01263232,-122.54190782,4
2012,2012-04-21,1146,4,1,11,6,N,A,N,A,H,A,A,01,E,17,E,,Y,,,G,N,N,D,1,0,1,0,22517.0,2,37.90609676,-122.54543727,3
2012,2012-04-26,1306,4,1,13,4,Y,A,N,A,H,A,A,71,,03,E,,,,,I,Y,N,D,1,0,0,0,22350.0,1,38.00191484,-122.55902319,3
2012,2012-04-29,1644,4,1,16,7,Y,A,N,A,H,A,A,01,,09,D,,,,,C,Y,N,A,3,0,0,0,21801.0,2,38.00732495,-122.54392323,3
2012,2012-05-04,2500,5,1,25,5,N,A,N,A,H,A,A,01,,09,D,,,,,C,Y,N,A,1,0,0,0,21800.0,2,37.97330492,-122.52244321,4
2012,2012-05-03,1316,5,1,13,4,Y,B,N,A,H,A,A,01,,10,G,Y,,,,B,N,N,D,1,1,0,0,21950.0,2,37.9839049,-122.52467321,4
2012,2012-05-04,1330,5,1,13,5,N,A,N,A,H,A,-,- ,S,- ,H,,Y,,,G,N,F,D,1,0,1,0,,2,38.00372941,-122.53855049,2
2012,2012-04-27,1423,4,1,14,5,Y,A,N,A,H,A,A,01,,10,G,Y,,,,B,N,N,D,1,1,0,0,21950.0,2,37.8558749,-122.47949312,4
2012,2012-04-15,1744,4,1,17,7,N,A,Y,A,H,A,A,01,E,01,E,,,,,I,Y,N,D,1,0,0,0,23152.0,1,38.24231367,-122.90506677,4
2012,2012-04-03,1732,4,1,17,2,Y,A,N,A,H,A,A,01,,03,C,,,,,C,N,N,A,1,0,0,0,22350.0,2,37.92515486,-122.51873322,4
2012,2012-04-20,1719,4,1,17,5,N,A,N,A,H,A,A,07,W,08,F,,,,,E,N,N,D,1,0,0,0,22107.0,2,37.97956973,-122.54392599,4
2012,2012-04-25,2000,4,1,20,3,Y,C,N,B,H,B,L,04,,17,A,,Y,,,J,N,N,D,1,0,1,0,21200.0,1,37.97255484,-122.52294321,2
2012,2012-04-18,724,4,1,7,3,Y,A,N,A,H,A,A,01,,12,D,,,,,C,Y,N,A,1,0,0,0,21453.0,2,37.97254484,-122.53218314,4
2012,2012-05-03,1145,5,1,11,4,N,B,N,B,H,A,D,22,W,03,E,,,,,I,Y,N,D,2,0,0,0,22350.0,1,37.9433505,-122.49785185,3
2012,2012-05-01,1517,5,1,15,2,N,A,Y,A,H,A,A,07,S,03,C,,,,,C,Y,N,D,4,0,0,0,22350.0,5,38.07308652,-122.54051627,4
2012,2012-05-01,1006,5,1,10,2,Y,A,N,A,H,A,A,01,,03,C,,,,,C,N,N,A,2,0,0,0,22350.0,2,37.86186488,-122.49372314,4
2012,2012-04-17,1349,4,1,13,2,N,A,Y,A,H,A,A,01,N,03,C,,,,,C,Y,N,D,2,0,0,0,22350.0,3,37.82774483,-122.47939625,4
2012,2012-04-21,1800,4,1,18,6,N,A,N,A,H,A,C,02,W,08,F,,,Y,,A,Y,N,D,2,0,0,2,22107.0,1,37.89467534,-122.56026364,3
2012,2012-04-17,1350,4,1,13,2,N,A,Y,A,H,A,A,07,N,04,C,,,,,C,Y,N,D,1,0,0,0,21703.0,3,37.82774483,-122.47939625,4
2012,2012-04-27,910,4,1,9,5,N,A,Y,A,H,A,A,01,N,03,C,,,,,C,N,N,D,1,0,0,0,22350.0,2,37.96519882,-122.51478764,4
2012,2012-04-28,2125,4,1,21,6,Y,A,N,A,H,C,A,01,,09,D,,,,,C,Y,N,A,1,0,0,0,21453.0,2,37.94755485,-122.52532319,4
2012,2012-05-01,1555,5,1,15,2,N,A,Y,A,H,A,A,01,S,07,B,,,Y,,C,N,N,D,1,0,0,1,21658.0,2,38.02574445,-122.53803072,3
2012,2012-05-01,725,5,1,7,2,N,A,Y,A,H,A,A,01,S,03,C,,,,,C,Y,N,D,3,0,0,0,22350.0,2,37.96112333,-122.50986077,4
2012,2012-05-02,1250,5,1,12,3,N,A,N,A,H,A,A,07,E,21,C,,,,,C,N,N,A,1,0,0,0,22106.0,2,37.95286542,-122.53808452,4
2012,2012-02-04,1810,2,4,18,6,N,A,N,A,H,C,A,01,E,08,C,,,,,C,N,N,A,1,0,0,0,22107.0,2,37.97664622,-122.55421132,4
2012,2012-02-18,1332,2,4,13,6,Y,A,N,A,H,A,A,08,,09,D,,,,,E,Y,N,D,1,0,0,0,21804.0,2,37.97637493,-122.55721325,4
2012,2012-05-16,1515,5,1,15,3,Y,A,N,A,H,A,A,01,,08,H,,Y,,,G,N,N,A,1,0,1,0,22107.0,2,37.88426492,-122.47223315,4
2012,2012-05-02,1557,5,1,15,3,N,A,N,A,H,A,A,07,N,03,C,,,,,C,Y,N,D,1,0,0,0,22350.0,2,37.9466785,-122.54591745,4
2012,2012-05-09,1624,5,1,16,3,N,A,N,A,H,A,N,60,E,11,G,Y,,,,B,N,M,A,1,1,0,0,21954.0,2,37.97393014,-122.53575565,3
2012,2012-05-12,1040,5,1,10,6,N,A,N,A,H,A,D,22,N,05,A,,,Y,,C,Y,N,D,3,0,0,2,21460.0,2,37.90495681,-122.6068908,2
2012,2012-05-10,647,5,1,6,4,N,A,Y,A,H,A,D,22,S,03,C,,,,,C,Y,N,D,1,0,0,0,22350.0,5,38.06162236,-122.53345303,4
2012,2012-05-21,1510,5,1,15,1,N,A,N,A,H,A,A,01,E,03,C,,,,,C,Y,N,D,1,0,0,0,22350.0,2,37.9639699,-122.51199974,4
2012,2012-05-11,1500,5,1,15,5,Y,A,N,A,H,A,L,04,,08,B,,Y,,,E,Y,N,D,1,0,1,0,22107.0,2,37.96698492,-122.50333325,3
2012,2012-05-12,1505,5,1,15,6,N,A,N,A,H,A,-,- ,,09,A,,Y,,,C,N,N,D,1,0,1,0,21804.0,2,38.02277734,-122.52660066,3
2012,2012-05-10,1235,5,1,12,4,Y,A,N,A,H,A,A,01,,10,G,Y,,,,B,N,N,A,1,1,0,0,21950.0,2,37.9677249,-122.53293312,3
2012,2012-05-10,2113,5,1,21,4,N,A,N,A,H,C,A,01,,12,D,,,,,C,Y,N,A,1,0,0,0,21453.0,2,37.97033484,-122.51889323,4
2012,2012-05-03,1805,5,1,18,4,N,B,N,B,H,A,D,22,E,03,D,,,,,C,Y,F,D,1,0,0,0,22350.0,2,37.94280074,-122.49818176,3
2012,2012-05-10,125,5,1,1,4,N,A,N,A,H,C,A,01,E,01,C,,,,,E,Y,N,D,3,0,0,0,23152.0,4,37.97474843,-122.49705859,2
2012,2012-05-04,1935,5,1,19,5,N,A,N,A,H,B,D,22,S,08,F,,,,,A,Y,N,D,3,0,0,0,22107.0,1,38.13959336,-122.69747264,2
2012,2012-04-29,2330,4,1,23,7,N,A,Y,A,H,C,A,01,S,01,E,,,,,I,Y,M,D,1,0,0,0,23152.0,1,37.9005948,-122.51578018,2
2012,2012-04-27,1425,4,1,14,5,N,A,Y,A,H,A,C,02,N,08,F,,,Y,,A,Y,N,D,1,0,0,1,22107.0,1,37.94027267,-122.5161644,3
2012,2012-04-15,1905,4,1,19,7,N,A,N,A,H,A,L,04,W,03,E,,Y,,,J,N,N,D,1,0,1,0,22350.0,1,37.88409374,-122.50689,4
2012,2012-05-13,1130,5,1,11,7,N,B,N,A,H,A,A,01,E,03,H,,Y,,,G,N,N,D,1,0,1,0,22350.0,2,38.07311415,-122.79976157,3
2012,2012-05-10,1702,5,1,17,4,N,A,Y,A,H,A,A,01,N,08,C,,,,,E,Y,N,D,1,0,0,0,22107.0,1,37.89869736,-122.51616254,4
2012,2012-05-07,1815,5,1,18,1,Y,A,N,A,H,A,A,01,,09,D,,,,,C,Y,N,D,1,0,0,0,21802.0,2,37.83802493,-122.4830831,4
2012,2012-05-13,1315,5,1,13,7,N,B,Y,A,H,A,C,02,S,03,F,,,Y,,A,N,N,D,1,0,0,1,22350.0,1,38.14957078,-122.88651907,2
2012,2012-05-15,1230,5,1,12,2,N,A,Y,A,C,A,A,01,E,04,E,,,,,J,Y,N,D,2,0,0,0,21703.0,2,37.942825,-122.47872319,4
2012,2012-05-13,1540,5,1,15,7,N,B,N,A,H,A,A,01,E,08,D,,,,,C,Y,N,D,1,0,0,0,22107.0,2,38.10794668,-122.89909959,4
2012,2012-05-01,1800,5,1,18,2,N,A,Y,A,H,A,A,01,N,03,C,,,,,C,Y,N,D,1,0,0,0,22350.0,4,37.93803927,-122.51653456,4
2012,2012-05-08,1240,5,1,12,2,N,A,N,A,H,A,A,01,N,03,C,,,,,C,Y,N,D,1,0,0,0,22350.0,2,37.95345224,-122.54898459,4
2012,2012-05-12,1720,5,1,17,6,N,A,Y,A,H,A,A,01,N,08,E,,,,,I,Y,N,D,1,0,0,0,22107.0,1,37.87893306,-122.60915186,4
2012,2012-05-17,1635,5,1,16,4,N,A,N,A,H,A,L,04,N,03,C,,Y,,,G,N,N,D,1,0,1,0,22350.0,2,37.85898195,-122.48439781,3
2012,2012-05-27,1415,5,1,14,7,Y,A,N,A,H,A,D,22,,09,D,,,,,C,Y,N,D,1,0,0,0,21801.0,2,37.97902495,-122.47539323,4
2012,2012-05-02,1254,5,1,12,3,N,A,N,A,H,A,A,01,S,03,C,,,,,C,N,N,D,1,0,0,0,22350.0,2,37.94611598,-122.51183778,4
2012,2012-05-07,1913,5,1,19,1,-,A,N,A,H,A,A,01,,01,B,,,,,E,Y,N,D,1,0,0,0,23152.0,2,38.00736806,-122.54949957,4
2012,2012-05-30,1831,5,1,18,3,Y,A,N,A,H,A,A,01,,03,C,,,,,D,N,N,A,1,0,0,0,22350.0,2,37.90085493,-122.52659313,4
2012,2012-05-06,1045,5,1,10,7,Y,A,N,A,H,A,A,07,,03,C,,,,,C,N,N,A,1,0,0,0,22350.0,2,37.92011494,-122.50894311,4
2012,2012-05-14,700,5,1,7,1,N,A,Y,A,H,A,A,01,W,07,B,,,,,C,Y,N,D,1,0,0,0,21658.0,2,38.11540608,-122.50579319,4
2012,2012-05-27,205,5,1,2,7,N,A,Y,A,H,C,D,22,W,08,E,,,,,J,Y,N,D,1,0,0,0,22107.0,1,38.10174192,-122.51589409,3
2012,2012-05-25,1430,5,1,14,5,N,A,Y,A,H,A,D,22,S,03,C,,,,,C,Y,N,D,3,0,0,0,22350.0,4,38.16082245,-122.5719681,4
2012,2012-04-13,1902,4,1,19,5,N,A,N,A,G,A,L,04,N,03,F,,Y,,,A,Y,N,D,1,0,1,0,22350.0,1,37.97912099,-122.5677849,3
2012,2012-05-15,1210,5,1,12,2,N,A,Y,A,H,A,A,01,S,08,E,,,,,I,Y,N,D,1,0,0,0,22107.0,1,38.16073473,-122.57213263,4
2012,2012-05-18,1620,5,1,16,5,Y,A,Y,A,H,A,A,01,,09,D,,,,,C,Y,N,D,1,0,0,0,21801.0,2,37.90195149,-122.51043931,4
2012,2012-05-15,43,5,1,0,2,N,A,Y,A,H,D,A,01,N,01,B,,,,,C,Y,N,D,2,0,0,0,23152.0,2,37.88229947,-122.51650541,2
2012,2012-05-16,2115,5,1,21,3,N,A,Y,A,D,C,A,01,N,03,C,,,,,C,N,N,D,1,0,0,0,22350.0,3,37.8431083,-122.48551453,4
2012,2012-05-12,1230,5,1,12,6,N,A,Y,A,H,A,A,07,S,07,B,,,Y,,C,N,N,D,1,0,0,1,21658.0,2,38.15707987,-122.56872621,4
2012,2012-05-19,2119,5,1,21,6,N,F,N,A,H,C,A,01,N,03,B,,,,,E,Y,N,D,1,0,0,0,22350.0,2,,,4
2012,2012-05-09,1056,5,1,10,3,Y,A,N,A,H,A,A,01,,12,D,,,Y,,C,Y,N,A,1,0,0,0,21453.0,2,37.85882489,-122.48399312,3
2012,2012-05-17,1126,5,1,11,4,N,A,Y,A,H,A,C,02,W,22,C,,,Y,,C,N,N,D,1,0,0,1,,2,37.89529038,-122.48702013,4
2012,2012-05-14,1917,5,1,19,1,Y,A,N,A,H,A,A,01,,12,D,,,,,C,N,N,A,2,0,0,0,21453.0,2,37.97145489,-122.52226323,4
2012,2012-05-26,1100,5,1,11,6,N,A,N,A,H,A,L,04,E,03,F,,Y,,,A,N,N,D,1,0,1,0,22350.0,1,37.90561491,-122.60309328,3