ACCIDENT_YEAR,COLLISION_DATE,COLLISION_TIME,MONTH,SEASON,24HOURS,DAY_OF_WEEK,INTERSECTION,WEATHER_1,STATE_HWY_IND,ROAD_SURFACE,ROAD_COND_1,LIGHTING,STWD_VEHTYPE_AT_FAULT,CHP_VEHTYPE_AT_FAULT,DIRECTION,PCF_VIOL_CATEGORY,TYPE_OF_COLLISION,PEDESTRIAN_ACCIDENT,BICYCLE_ACCIDENT,MOTORCYCLE_ACCIDENT,TRUCK_ACCIDENT,MVIW,TOW_AWAY,HIT_AND_RUN,CONTROL_DEVICE,NUMBER_INJURED,COUNT_PED_INJURED,COUNT_BICYCLIST_INJURED,COUNT_MC_INJURED,PCF_VIOLATION,PARTY_COUNT,POINT_Y,POINT_X,COLLISION_SEVERITY
2012,2012-05-14,1630,5,1,16,1,N,A,N,A,H,A,L,04,N,- ,H,,Y,,,G,Y,N,D,2,0,2,0,,2,37.88418719,-122.52472189,3
2012,2012-05-18,1410,5,1,14,5,N,A,Y,A,H,A,A,01,S,07,B,,,,,C,N,N,D,1,0,0,0,21658.0,2,37.88036761,-122.5178877,4
2012,2012-05-03,835,5,1,8,4,N,B,Y,B,H,A,A,01,E,03,C,,,,,C,N,N,D,1,0,0,0,22350.0,2,37.93893474,-122.46233958,4
2012,2012-05-15,1140,5,1,11,2,N,A,N,A,H,A,A,01,W,03,C,,,,,C,Y,N,D,1,0,0,0,22350.0,2,37.98556963,-122.57448076,4
2012,2012-05-29,1400,5,1,14,2,N,A,N,A,H,A,L,04,W,08,F,,Y,,,A,N,N,D,1,0,1,0,22107.0,1,37.84249218,-122.47809608,3
2012,2012-05-19,1845,5,1,18,6,N,A,Y,A,G,A,L,04,S,22,F,,Y,,,A,N,N,D,1,0,1,0,,1,37.82551768,-122.47931363,2
2012,2012-05-20,1435,5,1,14,7,N,A,Y,A,H,A,C,02,N,08,E,,,Y,,I,N,N,D,1,0,0,1,22107.0,1,38.21080352,-122.92369505,4
2012,2012-05-11,1845,5,1,18,5,N,A,Y,A,H,A,A,07,S,01,B,,,,,C,Y,N,D,1,0,0,0,23152.0,2,37.98486218,-122.52376676,2
2012,2012-05-12,1910,5,1,19,6,N,A,Y,A,H,A,A,01,E,08,E,,,,,I,Y,N,D,1,0,0,0,22107.0,1,37.94000289,-122.46599715,3
2012,2012-05-20,345,5,1,3,7,N,A,Y,A,H,D,A,01,S,01,E,,,,,I,Y,N,D,1,0,0,0,23152.0,1,37.88664638,-122.54135726,3
2012,2012-07-01,745,7,2,7,7,N,B,Y,A,H,A,A,01,N,08,E,,,,,I,Y,N,D,0,0,0,0,22107.0,1,38.18106304,-122.59933348,1
2012,2012-10-06,1723,10,3,17,6,N,A,N,A,H,B,N,60,S,11,G,Y,,,,B,Y,N,D,0,0,0,0,21954.0,2,37.96512945,-122.50837683,1
2012,2012-08-21,340,8,2,3,2,N,A,Y,A,H,D,D,22,N,08,E,,,,,I,Y,N,D,0,0,0,0,22107.0,1,38.14277016,-122.56430388,1
2012,2012-09-27,1459,9,3,14,4,N,A,N,A,H,A,L,04,E,09,H,,Y,,,G,Y,N,D,0,0,0,0,21804.0,2,38.11971087,-122.61462186,1
2012,2012-11-12,1745,11,3,17,1,N,A,N,A,H,D,D,22,E,08,E,,,,,I,Y,N,D,0,0,0,0,22107.0,1,38.0826249,-122.7535681,1
2012,2012-11-23,1035,11,3,10,5,N,A,Y,A,H,A,A,01,N,08,E,,,,,I,Y,N,A,0,0,0,0,22107.0,1,37.89250262,-122.4826534,1
2012,2012-12-05,2015,12,4,20,3,N,B,Y,B,H,D,A,01,N,08,E,,,,,I,Y,N,D,1,0,0,0,22107.0,1,37.93812186,-122.70275883,1
2012,2012-12-22,1505,12,4,15,6,N,B,Y,A,H,A,A,07,N,08,E,,,,,I,Y,N,D,4,0,0,0,22107.0,3,37.97628395,-122.52046542,1
2013,2013-02-16,641,2,4,6,6,N,A,Y,A,H,B,D,22,N,08,C,,,,Y,E,Y,N,D,1,0,0,0,22107.0,2,38.1426035,-122.5642923,1
2012,2012-05-26,1028,5,1,10,6,Y,A,N,A,H,A,A,01,,03,C,,,,,C,N,N,A,1,0,0,0,22350.0,3,37.97145489,-122.52226323,4
2012,2012-05-14,1710,5,1,17,1,Y,A,N,A,H,A,A,01,,09,D,,,,,B,Y,N,A,2,0,0,0,21801.0,2,38.00667485,-122.54557322,4
2012,2012-05-25,1809,5,1,18,5,Y,A,N,A,H,A,A,01,,08,B,,,,,C,N,N,A,1,0,0,0,22100.0,2,37.99672485,-122.52843323,3
2012,2012-05-13,954,5,1,9,7,N,A,N,A,H,A,C,02,N,22,H,,,Y,,I,N,N,D,1,0,0,1,,1,37.97904776,-122.55010176,4
2012,2012-05-15,1359,5,1,13,2,N,A,N,A,H,A,A,01,N,08,B,,,Y,,C,Y,N,D,1,0,0,1,22107.0,2,37.893594,-122.53130861,4
2012,2012-06-04,1459,6,2,14,1,N,A,N,A,H,A,A,01,E,08,F,,,,,C,Y,N,D,1,0,0,0,22107.0,2,37.90715976,-122.55584782,4
2012,2012-06-04,1443,6,2,14,1,N,B,N,A,H,A,C,02,W,03,C,,,Y,,C,N,N,D,1,0,0,0,22350.0,2,37.90325363,-122.52382819,4
2012,2012-05-09,845,5,1,8,3,N,A,N,A,H,A,-,- ,,08,C,,Y,,,G,N,F,D,1,0,1,0,22107.0,3,37.94307784,-122.54030049,3
2012,2012-05-13,940,5,1,9,7,Y,A,N,A,H,A,L,04,,12,D,,Y,,,G,N,N,A,1,0,1,0,22450.0,2,37.94481487,-122.54309324,3
2012,2012-05-24,1342,5,1,13,4,Y,A,Y,A,H,A,A,07,,04,C,,,,,C,Y,N,D,1,0,0,0,21703.0,3,37.93675499,-122.5169332,4
2012,2012-04-19,2135,4,1,21,4,Y,A,N,A,H,C,A,01,,12,G,Y,,,,B,N,N,A,1,1,0,0,21453.0,2,37.97196492,-122.51862314,2
2012,2012-05-27,1535,5,1,15,7,N,A,N,A,H,A,D,22,E,08,E,,,,,I,N,N,D,1,0,0,0,22107.0,1,38.1068232,-122.52632592,4
2012,2012-05-25,1710,5,1,17,5,N,B,Y,A,H,A,A,01,S,03,C,,,,,C,Y,N,D,1,0,0,0,22350.0,3,37.84291559,-122.48586547,4
2012,2012-05-28,352,5,1,3,1,N,A,Y,A,H,D,A,01,S,01,E,,,,,I,Y,N,D,1,0,0,0,23152.0,1,37.96756254,-122.51862739,3
2012,2012-05-31,817,5,1,8,4,N,A,Y,A,H,A,A,01,S,03,C,,,,,C,N,N,D,1,0,0,0,22350.0,2,38.00713968,-122.54140202,4
2012,2012-05-25,1309,5,1,13,5,N,A,N,A,H,A,A,01,S,21,H,,Y,,,G,N,N,D,1,0,1,0,22106.0,2,37.89815541,-122.50087992,3
2012,2012-05-31,1405,5,1,14,4,Y,A,N,A,H,A,A,01,,09,D,,,,,C,Y,N,D,1,0,0,0,21802.0,2,37.95080484,-122.54968325,4
2012,2012-05-21,2100,5,1,21,1,N,A,Y,A,H,C,A,01,S,08,E,,,,,J,Y,N,D,1,0,0,0,22107.0,1,37.95277128,-122.50901304,4
2012,2012-06-03,1110,6,2,11,7,N,A,N,A,H,A,A,08,W,03,C,,,,,C,N,N,D,1,0,0,0,22350.0,2,37.99572247,-122.52961926,4
2012,2012-06-08,1512,6,2,15,5,N,A,Y,A,H,A,A,07,N,03,C,,,,,C,N,N,D,2,0,0,0,22350.0,2,38.13539604,-122.56374031,4
2012,2012-05-31,900,5,1,9,4,N,A,Y,A,H,A,A,08,N,17,B,,,Y,,C,Y,N,D,1,0,0,1,22517.0,3,38.040285,-122.53710321,3
2012,2012-05-18,905,5,1,9,5,Y,A,N,A,H,A,A,01,,12,D,,,,,C,Y,N,A,1,0,0,0,21453.0,2,37.97225494,-122.52071313,4
2012,2012-05-31,1023,5,1,10,4,Y,A,N,A,H,A,D,82,,12,D,,,,,C,Y,N,A,1,0,0,0,21453.0,2,37.97073491,-122.5234132,4
2012,2012-05-18,1718,5,1,17,5,N,A,N,A,H,A,A,01,W,03,C,,,,,C,Y,N,A,1,0,0,0,22350.0,3,37.92516145,-122.51884044,3
2012,2012-06-07,1544,6,2,15,4,N,A,N,A,H,A,A,01,E,21,C,Y,,,,C,N,N,D,1,1,0,0,22106.0,3,37.90953027,-122.55016491,3
2012,2012-06-05,756,6,2,7,2,Y,A,N,A,H,A,J,43,,12,D,,,,,C,Y,N,A,1,0,0,0,21453.0,2,37.97169486,-122.52413322,3
2012,2012-06-27,1808,6,2,18,3,N,A,N,A,H,A,A,01,W,03,C,,,,,C,Y,N,D,2,0,0,0,22350.0,2,37.9935411,-122.53425075,4
2012,2012-06-26,1940,6,2,19,2,Y,A,N,A,H,A,A,01,,09,D,,,Y,,C,Y,N,D,1,0,0,1,21801.0,2,37.96822488,-122.51031311,3
2012,2012-06-25,645,6,2,6,1,N,A,N,A,H,A,A,01,S,09,D,,,,,C,Y,N,D,1,0,0,0,21804.0,2,37.98598981,-122.52604774,4
2012,2012-05-22,1055,5,1,10,2,N,A,N,A,H,A,A,01,S,09,H,,Y,,,G,N,N,D,1,0,1,0,21801.0,2,37.96977181,-122.53007599,3
2012,2012-06-01,809,6,2,8,5,Y,A,N,A,H,A,A,01,,10,G,Y,,,,B,N,N,A,1,1,0,0,21950.0,2,37.97073491,-122.5234132,3
2012,2012-06-10,2226,6,2,22,7,Y,A,N,A,H,C,C,02,,08,B,,,Y,,C,Y,F,D,2,0,0,2,22101.0,2,37.96689489,-122.51714318,2
2012,2012-06-13,2225,6,2,22,3,N,A,N,A,H,C,A,01,,04,C,,,,,C,Y,N,D,1,0,0,0,21703.0,2,,,4
2012,2012-06-27,1200,6,2,12,3,Y,A,N,A,H,A,A,07,,09,A,,,,,C,Y,N,A,1,0,0,0,21801.0,2,37.97171494,-122.53358313,4
2012,2012-06-06,947,6,2,9,3,N,A,N,A,H,A,A,01,W,03,D,,,Y,,C,N,N,D,2,0,0,2,22350.0,2,37.90883829,-122.55693282,4
2012,2012-05-29,1403,5,1,14,2,N,A,N,A,H,A,N,60,N,08,G,Y,,,,B,N,N,D,1,1,0,0,22107.0,2,37.92787747,-122.52826009,4
2012,2012-06-08,1140,6,2,11,5,Y,A,N,A,H,A,-,- ,,12,D,,,,,C,N,N,A,0,0,0,0,21453.0,2,37.97319485,-122.52176316,1
2012,2012-06-06,1932,6,2,19,3,Y,A,N,A,H,A,A,01,,10,G,Y,,,,B,N,N,A,1,1,0,0,21950.0,2,38.01168491,-122.55573325,4
2012,2012-06-05,1144,6,2,11,2,N,A,N,A,H,A,-,- ,E,03,C,,,,,C,Y,N,D,2,0,0,0,22350.0,2,37.95367167,-122.498347,4
2012,2012-06-04,750,6,2,7,1,N,B,N,B,H,A,A,01,W,03,B,,,,,C,Y,N,D,2,0,0,0,22350.0,2,37.88726403,-122.52532504,4
2012,2012-06-05,48,6,2,0,2,N,A,Y,A,H,C,A,07,N,03,E,,,,,I,Y,N,D,1,0,0,0,22350.0,1,37.98965009,-122.5284083,4
2012,2012-06-05,1245,6,2,12,2,N,A,Y,A,H,A,A,01,S,03,C,,,,,C,N,N,D,1,0,0,0,22350.0,3,37.87907499,-122.52930777,4
2012,2012-06-09,1210,6,2,12,6,N,A,Y,A,H,A,A,01,N,03,B,,,,,C,Y,N,D,1,0,0,0,22350.0,3,38.14657226,-122.5651023,3
2012,2012-06-08,1545,6,2,15,5,N,A,Y,A,H,A,C,02,S,07,C,,,Y,,C,Y,N,D,1,0,0,1,21658.0,2,38.06706253,-122.5378378,3
2012,2012-06-12,1337,6,2,13,2,N,A,Y,A,H,A,A,07,S,03,C,,,,,C,N,N,D,2,0,0,0,22350.0,3,38.00135159,-122.53762167,4
2012,2012-05-25,1325,5,1,13,5,Y,A,N,A,H,A,L,04,,12,H,,Y,,,G,N,N,D,1,0,1,0,22450.0,2,38.00605491,-122.51902319,4
2012,2012-05-25,1600,5,1,16,5,N,A,Y,A,H,A,A,01,N,03,C,,,,,C,Y,N,D,1,0,0,0,22350.0,2,38.05548449,-122.53048982,4
2012,2012-05-26,2100,5,1,21,6,N,B,N,A,H,D,A,01,S,08,D,,,,,C,Y,N,D,5,0,0,0,22107.0,2,38.09718014,-122.73346695,4
2012,2012-04-25,1605,4,1,16,3,N,A,N,A,H,A,A,07,,03,C,,,,,C,N,N,D,1,0,0,0,22350.0,3,37.92598494,-122.5147732,4
2012,2012-06-02,832,6,2,8,6,N,A,Y,A,H,A,D,22,S,07,B,,,,,C,Y,F,D,2,0,0,0,21658.0,3,38.17402514,-122.59082759,3
2012,2012-06-14,115,6,2,1,4,N,A,N,A,H,C,D,22,N,08,E,,,,,I,N,N,D,1,0,0,0,22107.0,1,38.11799639,-122.55696285,4
2012,2012-06-11,834,6,2,8,1,N,A,Y,A,H,A,A,07,S,03,C,,,,,C,N,N,D,1,0,0,0,22350.0,2,37.84519291,-122.48643803,4
2012,2012-06-07,1415,6,2,14,4,N,A,N,A,H,A,A,01,E,01,E,,,,,I,Y,N,D,4,0,0,0,23152.0,1,37.83439563,-122.4846038,2
2012,2012-06-12,920,6,2,9,2,Y,A,N,A,H,A,A,01,,12,D,,,,,C,Y,N,A,1,0,0,0,21453.0,2,37.96340487,-122.5563732,3
2012,2012-06-08,1230,6,2,12,5,N,A,Y,A,H,A,A,07,E,03,C,,,,,C,N,N,D,1,0,0,0,22350.0,2,37.9014444,-122.50917419,4
2012,2012-06-15,655,6,2,6,5,N,A,Y,A,H,A,A,01,S,03,C,,,,,C,Y,N,D,3,0,0,0,22350.0,4,38.01692111,-122.54091996,4
2012,2012-06-11,835,6,2,8,1,N,A,Y,A,H,A,A,08,N,03,C,,,,,C,Y,N,D,2,0,0,0,22350.0,5,37.84546166,-122.48650128,4
2012,2012-06-18,1645,6,2,16,1,N,A,Y,A,H,A,A,07,S,03,C,,,,,C,,N,D,1,0,0,0,22350.0,3,38.07123075,-122.53949705,4
2012,2012-06-12,1645,6,2,16,2,N,A,Y,A,H,A,A,01,S,07,B,,,,,C,Y,N,D,1,0,0,0,21658.0,2,38.00154819,-122.53776587,3
2012,2012-06-12,1720,6,2,17,2,N,A,Y,A,H,A,A,01,S,03,C,,,,,C,N,N,D,1,0,0,0,22350.0,2,37.92421828,-122.51360494,4
2012,2012-06-15,1617,6,2,16,5,N,A,Y,A,H,A,A,01,S,03,C,,,,,C,N,N,D,1,0,0,0,22350.0,2,37.97970829,-122.52085308,4
2012,2012-06-09,1717,6,2,17,6,N,A,Y,A,H,A,A,01,S,01,E,,,,,I,Y,N,D,1,0,0,0,23152.0,1,38.11222958,-122.56410177,3
2012,2012-06-18,1525,6,2,15,1,N,A,Y,A,H,A,C,02,S,03,F,,,Y,,I,Y,N,D,1,0,0,1,22350.0,1,38.062885,-122.53458321,2
2012,2012-06-10,1030,6,2,10,7,N,A,Y,A,H,A,C,02,N,03,B,,,Y,,C,Y,N,D,1,0,0,1,22350.0,2,38.09254498,-122.82585326,2
2012,2012-06-11,1309,6,2,13,1,Y,A,N,A,H,A,-,- ,,00,B,,Y,,,G,N,N,D,1,0,1,0,,2,37.85518486,-122.47907321,4
2011,2011-10-13,1223,10,3,12,4,N,A,N,A,H,A,A,01,N,03,C,,,Y,,C,Y,N,A,1,0,0,0,22350.0,2,37.96491148,-122.55760768,3
2011,2011-12-26,1323,12,4,13,1,N,A,N,A,H,A,A,01,W,21,G,Y,,,,B,N,N,D,1,1,0,0,22106.0,2,37.95787,-122.57237,4
2012,2012-06-23,624,6,2,6,6,N,A,Y,A,H,A,F,26,N,03,C,,,,Y,C,N,N,D,1,0,0,0,22350.0,2,37.8296886,-122.47972681,4
2012,2012-06-20,1044,6,2,10,3,N,A,N,A,H,A,-,- ,E,18,E,,,,Y,I,Y,N,D,1,0,0,0,,1,37.89626164,-122.46199161,4
2012,2012-06-20,655,6,2,6,3,N,A,Y,A,H,A,D,22,S,03,C,,,,,C,Y,N,D,1,0,0,0,22350.0,2,37.9568342,-122.50898555,4
2012,2012-06-14,1558,6,2,15,4,N,A,Y,A,H,A,A,01,S,03,C,,,,,C,Y,N,D,2,0,0,0,22350.0,3,37.94292041,-122.51539657,4
2012,2012-06-15,1300,6,2,13,5,N,A,Y,A,H,A,A,01,W,07,C,,,,Y,C,Y,N,A,1,0,0,0,21658.0,2,37.89865628,-122.50158101,4
2012,2012-06-17,1050,6,2,10,7,N,A,N,A,H,A,L,04,W,03,H,,Y,,,G,N,N,D,2,0,2,0,22350.0,2,37.90340495,-122.47682248,3
2012,2012-06-18,1910,6,2,19,1,N,A,Y,A,H,A,L,04,S,08,H,,Y,,,G,N,N,D,1,0,1,0,22107.0,1,37.91806812,-122.51129935,3
2012,2012-06-22,940,6,2,9,5,N,B,Y,B,H,A,A,01,N,08,E,,,,,I,Y,N,D,1,0,0,0,22107.0,1,37.83706474,-122.48568871,4
2012,2012-06-02,948,6,2,9,6,N,A,N,A,H,A,-,- ,W,18,F,,Y,,,A,N,N,D,1,0,1,0,,1,38.04789956,-122.62635112,3
2012,2012-06-10,1620,6,2,16,7,N,A,N,A,H,A,A,01,E,08,A,,,,,C,Y,N,D,2,0,0,0,22107.0,2,38.0145719,-122.66014549,3
2012,2012-06-12,1425,6,2,14,2,N,A,Y,A,H,A,A,01,N,03,C,,,,,C,N,N,D,4,0,0,0,22350.0,2,37.92830231,-122.51530264,4
2012,2012-06-13,1500,6,2,15,3,N,A,Y,A,H,A,A,01,N,08,E,,,,,I,Y,N,D,1,0,0,0,22107.0,1,38.05276573,-122.53078014,2
2012,2012-06-14,1810,6,2,18,4,N,A,Y,A,H,A,A,07,E,03,C,,,,,C,Y,N,D,3,0,0,0,22350.0,3,38.10510474,-122.51192541,4
2012,2012-06-15,2340,6,2,23,5,N,A,N,A,H,C,A,01,N,08,E,,,,,J,Y,N,D,1,0,0,0,22107.0,1,38.10490728,-122.5183508,4
2012,2012-06-05,49,6,2,0,2,N,A,Y,A,H,C,A,01,N,03,D,,,,,C,Y,N,D,1,0,0,0,22350.0,2,37.9904774,-122.5292256,4
2012,2012-04-14,251,4,1,2,6,N,A,N,A,H,C,-,- ,S,03,E,,,,,I,Y,M,D,1,0,0,0,22350.0,1,37.96521755,-122.56901745,3
2012,2012-05-02,710,5,1,7,3,N,A,N,A,H,A,A,01,W,21,C,,,,,C,Y,N,D,1,0,0,0,22106.0,2,37.968987,-122.56252204,4
2012,2012-05-06,2035,5,1,20,7,N,A,N,A,H,C,-,- ,W,08,E,,,,,I,Y,N,D,1,0,0,0,22107.0,1,37.96104308,-122.56232782,4
2012,2012-06-29,1702,6,2,17,5,N,A,N,A,H,A,N,60,,11,H,Y,,,,B,N,N,D,1,1,0,0,21955.0,2,37.97232489,-122.52967312,4
2012,2012-06-17,2331,6,2,23,7,Y,A,N,A,H,C,A,01,,08,G,Y,,,,B,N,F,A,1,1,0,0,22107.0,2,37.981017,-122.52285,4
2012,2012-06-16,2220,6,2,22,6,N,A,N,A,H,C,A,01,W,01,B,,,,,C,Y,N,D,1,0,0,0,23152.0,2,37.97398711,-122.54711419,4
2012,2012-06-17,1235,6,2,12,7,Y,A,N,A,H,A,A,01,,01,C,,,,,C,N,N,A,1,0,0,0,23152.0,3,38.00803486,-122.54534321,4
2012,2012-06-12,754,6,2,7,2,N,A,N,A,H,A,L,04,W,05,A,,Y,,,G,N,N,D,1,0,1,0,21650.0,2,38.00411962,-122.55362536,3
2012,2012-06-13,837,6,2,8,3,N,A,N,A,H,A,A,01,E,08,B,,,Y,,C,N,N,D,1,0,0,1,22107.0,2,37.97203812,-122.52684436,4
2012,2012-07-09,1225,7,2,12,1,N,A,N,A,H,A,A,01,N,09,D,,Y,,,G,N,N,D,1,0,1,0,21804.0,2,37.96099442,-122.51105817,4
2012,2012-07-04,1036,7,2,10,3,N,A,N,A,H,A,A,01,E,05,H,,Y,,,A,N,N,D,1,0,1,0,21460.0,2,37.90301398,-122.55736828,3
2012,2012-06-05,1705,6,2,17,2,N,A,N,A,H,A,A,07,E,03,C,,,,,C,N,N,A,1,0,0,0,22350.0,2,37.98682161,-122.577834,4
2012,2012-06-30,1110,6,2,11,6,Y,A,Y,A,H,A,L,04,,03,H,,Y,,,G,N,N,D,1,0,1,0,22350.0,2,37.9397216,-122.70498187,3
2012,2012-06-26,812,6,2,8,2,N,A,Y,A,H,A,A,01,N,03,C,,,,,C,Y,N,D,2,0,0,0,22350.0,2,37.94349923,-122.51522932,3
2012,2012-06-25,930,6,2,9,1,N,A,Y,A,H,A,D,22,E,03,C,,,,,C,Y,N,D,1,0,0,0,22350.0,3,37.94351871,-122.515224,3
2012,2012-05-10,1730,5,1,17,4,N,A,Y,A,H,A,A,08,N,03,C,,,,,C,N,F,D,1,0,0,0,22350.0,3,37.91019231,-122.51330833,4
2012,2012-07-07,905,7,2,9,6,N,A,Y,A,H,A,A,07,N,08,F,,,,,A,Y,N,D,1,0,0,0,22107.0,1,37.88662383,-122.55158163,4
2012,2012-07-07,940,7,2,9,6,N,A,N,A,H,A,A,01,W,08,E,,,,,I,Y,N,D,1,0,0,0,22107.0,1,,,4
2012,2012-07-07,1445,7,2,14,6,N,A,Y,A,H,A,A,07,S,03,C,,,,,C,N,N,D,1,0,0,0,22350.0,2,37.89873499,-122.51593319,4
2012,2012-06-21,1815,6,2,18,4,N,A,N,A,G,A,A,01,S,05,A,,,,,C,Y,N,D,1,0,0,0,21651.0,2,37.91296389,-122.55735325,4
2012,2012-06-15,1223,6,2,12,5,N,A,N,A,H,A,N,60,S,11,G,Y,,,,B,N,N,A,1,1,0,0,21956.0,2,37.90421518,-122.52589276,3
2012,2012-06-28,1745,6,2,17,4,N,A,Y,A,D,A,A,01,N,03,C,,,,,C,Y,N,A,1,0,0,0,22350.0,4,37.97531294,-122.73240671,3
2012,2012-06-27,1858,6,2,18,3,N,A,Y,A,H,A,A,01,S,01,C,,,,,C,N,F,D,1,0,0,0,23152.0,2,38.07351646,-122.5407626,4
2012,2012-06-27,1728,6,2,17,3,N,A,Y,A,H,A,A,07,S,03,C,,,,,C,N,N,D,1,0,0,0,22350.0,2,37.95863148,-122.50915482,4
2012,2012-06-30,1722,6,2,17,6,Y,A,Y,A,H,A,A,01,,09,D,,,,,C,Y,N,D,4,0,0,0,21801.0,2,38.17658359,-122.59428952,2
2012,2012-06-29,1406,6,2,14,5,N,B,Y,A,H,A,A,01,S,03,C,,,,,C,Y,N,D,6,0,0,0,22350.0,3,38.11777797,-122.56498192,3
2012,2012-06-30,725,6,2,7,6,N,A,N,A,H,A,A,01,N,09,H,,Y,,,G,N,N,A,1,0,1,0,21804.0,2,37.95224365,-122.54957249,3
2012,2012-06-17,1525,6,2,15,7,N,A,Y,A,H,A,A,01,S,03,C,,,,,C,Y,N,D,2,0,0,0,22350.0,3,38.04177548,-122.78869168,4
2012,2012-06-17,910,6,2,9,7,N,A,Y,A,H,A,A,07,N,03,C,,,,,C,Y,N,D,1,0,0,0,22350.0,2,37.96630201,-122.51644924,4
2012,2012-05-20,817,5,1,8,7,N,A,Y,A,H,A,J,48,N,22,C,,,,,C,N,N,D,1,0,0,0,,3,37.96348085,-122.51173895,4
2012,2012-06-18,1845,6,2,18,1,N,A,Y,A,H,A,A,01,N,03,C,,,,,C,Y,N,A,3,0,0,0,22350.0,3,37.90652499,-122.51513319,3
2012,2012-06-24,1215,6,2,12,7,N,A,Y,A,H,A,C,02,N,03,B,,,Y,,C,Y,N,D,1,0,0,1,22350.0,3,37.8362135,-122.48514215,3
2012,2012-06-26,940,6,2,9,2,N,A,Y,A,H,A,A,01,S,03,C,,,,,C,N,N,D,1,0,0,0,22350.0,2,38.01454557,-122.54185969,4
2012,2012-07-03,1655,7,2,16,2,N,-,Y,A,H,A,A,01,S,21,C,,,,,C,N,N,D,1,0,0,0,22106.0,2,37.94017694,-122.51592902,4
2012,2012-07-03,1135,7,2,11,2,N,A,N,A,H,A,-,- ,E,18,H,,,Y,,H,Y,N,D,1,0,0,1,,1,38.13555289,-122.68793909,3
2012,2012-07-03,1356,7,2,13,2,N,A,N,A,H,A,C,02,W,03,E,,,Y,,I,Y,N,D,1,0,0,1,22350.0,1,38.0292279,-122.74207234,2
2012,2012-07-05,1610,7,2,16,4,N,A,N,A,H,A,A,01,N,08,E,,,,,I,Y,N,D,1,0,0,0,22107.0,1,37.89289059,-122.54536398,3
2012,2012-07-04,1810,7,2,18,3,N,A,Y,A,H,A,A,01,S,03,C,,,,,C,Y,N,D,1,0,0,0,22350.0,3,38.00179916,-122.53770145,4
2012,2012-07-16,1755,7,2,17,1,Y,A,N,A,H,A,A,01,,09,A,,,,,C,Y,N,A,2,0,0,0,21801.0,2,37.96115486,-122.50362322,3
2012,2012-07-14,1759,7,2,17,6,Y,A,N,A,H,A,A,01,,10,B,Y,,,,B,N,N,A,2,2,0,0,21950.0,3,37.97219484,-122.52840325,4
2012,2012-06-23,1340,6,2,13,6,N,A,N,A,H,A,A,01,E,03,E,,,,,I,Y,N,D,2,0,0,0,22350.0,1,38.18588923,-122.72108585,3
2012,2012-06-09,305,6,2,3,6,N,A,N,A,H,D,A,01,S,03,E,,,,,I,Y,F,D,1,0,0,0,22350.0,1,37.89379862,-122.50514235,2
2012,2012-06-28,1555,6,2,15,4,Y,A,Y,A,H,A,A,07,,09,D,,,,,C,Y,N,A,3,0,0,0,21802.0,5,38.17658359,-122.59428952,3
2012,2012-07-08,350,7,2,3,7,N,A,N,A,H,D,A,01,N,01,C,,,,,E,Y,N,D,1,0,0,0,23152.0,2,37.88122935,-122.5346283,4
2012,2012-07-03,1605,7,2,16,2,N,A,Y,A,H,A,A,01,N,07,C,,,,,C,Y,N,D,1,0,0,0,21658.0,5,37.99481795,-122.53254197,4
2012,2012-07-08,1015,7,2,10,7,N,A,Y,A,H,A,C,02,S,03,F,,,Y,,A,Y,N,D,2,0,0,1,22350.0,3,37.93173948,-122.68852659,2
2012,2012-07-04,1750,7,2,17,3,N,A,Y,A,H,A,A,01,N,01,E,,,,,I,Y,N,D,1,0,0,0,23152.0,1,37.9459687,-122.70740096,2
2012,2012-07-01,1145,7,2,11,7,N,A,Y,A,H,A,A,01,S,03,C,,,,,C,Y,N,D,2,0,0,0,22350.0,2,37.99911674,-122.53570043,4
2012,2012-07-01,905,7,2,9,7,N,B,N,A,H,A,A,07,N,09,H,,Y,,,G,N,N,D,1,0,1,0,21801.0,2,37.88784324,-122.51622012,3
2012,2012-07-10,1115,7,2,11,2,N,A,N,A,H,A,L,04,E,22,F,,Y,,,A,N,N,D,1,0,1,0,,1,38.15508392,-122.69708211,3
2012,2012-07-10,1600,7,2,16,2,N,A,Y,A,H,A,A,01,S,03,C,,,,,C,Y,N,D,1,0,0,0,22350.0,3,38.14405616,-122.56441922,4
2012,2012-07-10,1845,7,2,18,2,N,A,Y,A,H,A,A,01,N,03,C,,,,,C,N,N,D,1,0,0,0,22350.0,3,37.997525,-122.53455321,4
2012,2012-07-16,1758,7,2,17,1,N,B,Y,A,H,A,A,07,S,07,D,,,,,C,Y,N,D,1,0,0,0,21658.0,2,37.99043436,-122.52897135,4
2012,2012-03-30,758,3,1,7,5,N,B,N,A,H,A,A,07,E,03,C,,,,,C,N,N,D,3,0,0,0,22350.0,2,37.9453803,-122.5196779,4
2012,2012-07-11,1750,7,2,17,3,N,A,N,A,H,A,A,01,W,03,C,,,,,C,Y,N,D,1,0,0,0,22350.0,3,37.90302601,-122.5240394,4
2012,2012-06-15,1325,6,2,13,5,N,A,N,A,H,A,L,04,S,03,H,,Y,,,-,N,N,D,1,0,1,0,22350.0,1,37.84792551,-122.48081182,3
2012,2012-06-22,1845,6,2,18,5,N,A,N,A,H,A,D,22,S,03,C,,,,,C,N,N,D,1,0,0,0,22350.0,2,37.8900891,-122.44908506,4
2012,2012-06-17,10,6,2,0,7,N,A,Y,A,H,D,D,22,N,08,E,,,,,I,Y,N,D,1,0,0,0,22107.0,1,38.13719171,-122.56387475,3
2012,2012-07-25,830,7,2,8,3,N,A,Y,A,H,A,A,01,S,03,C,,,,,C,N,N,D,2,0,0,0,22350.0,2,38.06162236,-122.53345303,4