ACCIDENT_YEAR,COLLISION_DATE,COLLISION_TIME,MONTH,SEASON,24HOURS,DAY_OF_WEEK,INTERSECTION,WEATHER_1,STATE_HWY_IND,ROAD_SURFACE,ROAD_COND_1,LIGHTING,STWD_VEHTYPE_AT_FAULT,CHP_VEHTYPE_AT_FAULT,DIRECTION,PCF_VIOL_CATEGORY,TYPE_OF_COLLISION,PEDESTRIAN_ACCIDENT,BICYCLE_ACCIDENT,MOTORCYCLE_ACCIDENT,TRUCK_ACCIDENT,MVIW,TOW_AWAY,HIT_AND_RUN,CONTROL_DEVICE,NUMBER_INJURED,COUNT_PED_INJURED,COUNT_BICYCLIST_INJURED,COUNT_MC_INJURED,PCF_VIOLATION,PARTY_COUNT,POINT_Y,POINT_X,COLLISION_SEVERITY
2013,2013-10-22,1250,10,3,12,2,N,A,N,A,H,A,D,22,W,03,C,,,,,C,N,N,D,1,0,0,0,22350.0,2,37.9577985,-122.5504213,4
2013,2013-10-24,1619,10,3,16,4,N,A,Y,A,H,A,D,22,N,03,C,,,,,C,Y,N,D,2,0,0,0,22350.0,4,38.1551513,-122.5680327,4
2013,2013-10-20,1125,10,3,11,7,N,A,N,A,H,A,C,02,N,08,F,,,Y,,J,Y,N,D,1,0,0,1,22107.0,1,37.8964203,-122.4644482,4
2013,2013-10-22,527,10,3,5,2,N,A,Y,A,H,C,A,01,N,07,E,,,,,I,N,N,D,1,0,0,0,21658.0,1,38.073535,-122.5407732,4
2013,2013-10-22,1635,10,3,16,2,N,A,Y,A,H,A,A,01,E,07,E,,,,,I,Y,N,D,1,0,0,0,21658.0,2,37.9570976,-122.5024166,4
2013,2013-10-23,1831,10,3,18,3,N,A,Y,A,H,B,A,01,W,03,C,,,,,C,Y,N,D,2,0,0,0,22350.0,2,38.091812,-122.5287037,3
2013,2013-10-10,1454,10,3,14,4,N,A,N,A,H,A,L,04,E,08,B,,Y,,,G,N,N,D,1,0,1,0,22107.0,2,37.836149,-122.4837647,3
2013,2013-10-31,615,10,3,6,4,N,A,Y,A,H,D,A,01,N,07,B,,,,,C,N,F,D,1,0,0,0,21658.0,2,38.0852268,-122.5519817,4
2013,2013-10-29,1200,10,3,12,2,N,A,Y,A,H,A,A,01,N,03,C,,,,,C,N,N,D,1,0,0,0,22350.0,2,37.9825554,-122.5224123,4
2013,2013-10-29,1655,10,3,16,2,N,A,Y,A,H,A,A,01,S,03,C,,,,,C,Y,N,D,1,0,0,0,22350.0,3,38.0171683,-122.540624,4
2013,2013-10-24,1850,10,3,18,4,N,A,Y,A,H,B,A,01,S,03,C,,,,,C,N,N,D,1,0,0,0,22350.0,2,37.9555159,-122.5085447,4
2013,2013-10-26,725,10,3,7,6,N,A,N,A,H,A,A,01,E,08,E,,,,,I,Y,N,D,1,0,0,0,22107.0,1,37.9138064,-122.4796593,4
2013,2013-10-26,1745,10,3,17,6,N,A,N,A,H,B,L,04,E,03,F,,Y,,,A,N,N,D,1,0,1,0,22350.0,1,37.8965122,-122.6314969,3
2013,2013-10-23,740,10,3,7,3,N,B,Y,A,H,A,A,01,N,03,C,,,,,C,Y,N,D,1,0,0,0,22350.0,3,37.9470516,-122.5137468,4
2013,2013-10-21,205,10,3,2,1,N,A,Y,A,H,C,A,01,N,08,E,,,,,I,Y,N,D,2,0,0,0,22107.0,1,37.9897769,-122.52831,4
2013,2013-10-12,1405,10,3,14,6,N,A,N,A,H,A,C,02,N,03,E,,,Y,,I,Y,N,D,1,0,0,1,22350.0,1,37.8969651,-122.4693636,4
2013,2013-10-19,945,10,3,9,6,N,A,N,A,H,A,-,- ,N,00,F,,Y,,,A,Y,N,D,1,0,1,0,,1,37.9060284,-122.4801567,3
2013,2013-10-19,1446,10,3,14,6,N,A,Y,A,H,A,A,01,S,03,C,,,,,C,Y,N,D,1,0,0,0,22350.0,2,38.1853147,-122.6007203,4
2013,2013-10-06,2056,10,3,20,7,N,A,N,A,H,C,A,07,E,08,A,,,,,I,N,N,D,1,0,0,0,22107.0,1,38.000878,-122.5452757,4
2013,2013-10-04,1247,10,3,12,5,Y,A,N,A,H,A,A,01,,03,C,,,,,C,Y,N,A,1,0,0,0,22350.0,2,37.9713349,-122.5298231,4
2013,2013-10-02,928,10,3,9,3,Y,A,N,A,H,A,A,08,,- ,G,Y,,,,B,N,N,A,1,1,0,0,,2,37.9709648,-122.5260431,4
2013,2013-10-05,1804,10,3,18,6,N,A,N,A,H,A,A,01,S,10,G,Y,,,,B,N,N,A,1,1,0,0,21950.0,2,37.9714505,-122.522229,3
2013,2013-10-05,1807,10,3,18,6,N,A,N,-,H,A,A,07,S,01,B,,,,,C,Y,N,D,2,0,0,0,23152.0,5,37.966468,-122.5124949,3
2013,2013-09-19,725,9,3,7,4,N,A,Y,A,H,A,A,07,W,09,H,,Y,,,G,N,N,D,1,0,1,0,21804.0,2,,,4
2013,2013-10-17,1843,10,3,18,4,N,A,Y,A,H,B,A,07,S,03,C,,,,,C,Y,N,D,3,0,0,0,22350.0,4,37.8967895,-122.5163062,3
2013,2013-10-17,1810,10,3,18,4,N,A,N,A,H,B,A,01,W,09,D,,,,,C,Y,N,D,1,0,0,0,21801.0,3,37.9549142,-122.5466975,4
2013,2013-10-17,1130,10,3,11,4,N,A,N,A,H,A,A,01,E,08,H,,Y,,,G,N,N,D,1,0,1,0,22107.0,2,38.0160851,-122.6745674,3
2013,2013-10-12,1025,10,3,10,6,N,A,N,A,A,A,L,04,W,05,H,,Y,,,G,N,N,D,1,0,1,0,21650.0,2,37.94389009,-122.66760707,4
2013,2013-10-11,1530,10,3,15,5,N,A,Y,A,H,A,A,07,S,03,C,,,,,C,N,N,D,1,0,0,0,22350.0,2,38.1160483,-122.5647255,4
2013,2013-10-11,2045,10,3,20,5,Y,A,Y,A,H,C,A,01,,01,A,,,,,C,Y,N,A,1,0,0,0,23152.0,2,37.890855,-122.5165232,4
2013,2013-09-26,810,9,3,8,4,N,A,N,A,B,A,C,02,N,03,F,,,Y,,A,Y,N,D,1,0,0,1,22350.0,1,,,3
2013,2013-10-11,1435,10,3,14,5,N,A,Y,A,H,A,A,01,S,08,E,,,,,I,N,N,D,0,0,0,0,22107.0,1,38.015975,-122.5412932,1
2013,2013-10-17,1705,10,3,17,4,N,A,Y,A,H,A,A,01,N,08,E,,,,,I,Y,N,D,1,0,0,0,22107.0,1,37.8710427,-122.5631111,2
2013,2013-10-17,900,10,3,9,4,N,A,Y,A,H,A,A,01,S,03,C,,,,,C,N,N,D,1,0,0,0,22350.0,4,38.077481,-122.5436831,4
2013,2013-10-16,2010,10,3,20,3,N,A,N,A,H,C,A,07,W,03,C,,,,,C,Y,N,A,1,0,0,0,22350.0,3,37.9488079,-122.5285258,3
2013,2013-10-11,1320,10,3,13,5,N,A,Y,A,H,A,A,01,S,03,C,,,,,C,Y,N,D,1,0,0,0,22350.0,2,38.117778,-122.5649819,4
2013,2013-10-10,2015,10,3,20,4,N,A,Y,A,H,D,N,60,N,11,G,Y,,,,B,N,N,D,1,1,0,0,21954.0,2,37.880795,-122.5193932,2
2013,2013-10-06,1645,10,3,16,7,Y,A,N,A,H,A,C,02,,01,B,,,Y,,C,N,N,D,2,0,0,1,23152.0,2,38.020032,-122.662179,3
2013,2013-10-05,1315,10,3,13,6,N,A,N,A,H,A,A,01,E,03,C,,,,,C,N,N,D,2,0,0,0,22350.0,3,37.9481764,-122.5269275,4
2013,2013-10-04,1530,10,3,15,5,N,A,N,A,H,A,A,01,E,08,H,,Y,,,G,N,N,D,1,0,1,0,22107.0,2,37.9002644,-122.4707368,4
2013,2013-10-02,730,10,3,7,3,N,A,Y,A,H,A,A,01,S,03,C,,,,,C,Y,N,D,1,0,0,0,22350.0,3,37.9347351,-122.5166934,4
2013,2013-10-16,1733,10,3,17,3,N,A,Y,A,H,A,A,01,S,03,C,,,,,C,Y,N,A,1,0,0,0,22350.0,3,37.8319054,-122.4804672,4
2013,2013-11-06,1256,11,3,12,3,N,A,N,A,H,A,A,01,S,01,B,,,,,E,Y,M,D,1,0,0,0,23152.0,2,37.9749232,-122.5292565,3
2013,2013-11-04,2159,11,3,21,1,N,A,N,A,H,C,A,01,W,08,C,,,,,E,Y,N,D,1,0,0,0,22107.0,2,38.01904858,-122.52947062,3
2013,2013-11-01,1208,11,3,12,5,Y,A,N,A,H,A,L,04,,- ,H,,Y,,,G,N,N,A,1,0,1,0,,2,37.9709648,-122.5260431,4
2013,2013-11-06,1642,11,3,16,3,N,A,N,A,H,B,A,01,E,09,D,,,Y,,C,Y,N,D,2,0,0,1,21804.0,2,37.94508589,-122.48699158,4
2013,2013-11-19,2207,11,3,22,2,N,C,N,B,H,C,N,60,N,11,G,Y,,,,B,Y,F,D,1,1,0,0,21954.0,2,37.9694567,-122.5301416,3
2013,2013-10-30,1857,10,3,18,3,N,A,Y,A,H,C,D,23,N,03,C,,,,,C,N,F,D,1,0,0,0,22350.0,2,37.9341846,-122.5163665,4
2013,2013-11-14,1720,11,3,17,4,N,A,Y,A,H,C,A,01,N,03,C,,,,,C,Y,N,D,1,0,0,0,22350.0,4,37.9303579,-122.5156755,3
2013,2013-10-07,911,10,3,9,1,N,A,N,A,H,A,A,01,S,08,B,,,,,C,Y,N,D,1,0,0,0,22107.0,2,37.9377093,-122.5187657,4
2013,2013-10-15,1854,10,3,18,2,N,A,N,A,H,C,A,01,E,03,C,,,,,C,N,N,D,1,0,0,0,22350.0,2,37.9463925,-122.5106724,4
2013,2013-10-09,1051,10,3,10,3,N,A,Y,A,H,A,A,07,W,03,C,,,,,C,N,N,A,1,0,0,0,22350.0,2,37.929075,-122.5156932,4
2013,2013-08-18,2048,8,2,20,7,N,A,N,A,H,C,A,01,E,03,C,,,,,C,Y,N,A,1,0,0,0,22350.0,3,37.9251309,-122.5178182,3
2013,2013-12-06,757,12,4,7,5,N,A,Y,A,H,A,C,02,E,03,C,,,Y,,C,Y,N,D,3,0,0,0,22350.0,4,37.8951821,-122.4965412,3
2013,2013-11-19,630,11,3,6,2,N,C,Y,B,H,B,A,01,S,03,A,,,,,C,Y,N,D,2,0,0,0,22350.0,3,37.8988482,-122.5161546,4
2013,2013-11-21,1815,11,3,18,4,N,A,Y,A,H,D,D,22,N,03,C,,,,,C,Y,N,D,3,0,0,0,22350.0,3,37.8925627,-122.5163837,4
2013,2013-11-20,1345,11,3,13,3,N,C,Y,B,H,A,D,22,S,03,D,,,,,C,Y,N,D,1,0,0,0,22350.0,3,37.9882484,-122.5267997,4
2013,2013-11-19,654,11,3,6,2,N,B,Y,B,H,A,D,22,S,03,C,,,,,C,Y,N,D,1,0,0,0,22350.0,2,37.9328223,-122.5163726,4
2013,2013-11-16,1540,11,3,15,6,N,A,Y,A,H,A,D,22,S,03,C,,,,,C,Y,N,D,2,0,0,0,22350.0,2,37.8685185,-122.5070689,3
2013,2013-11-15,950,11,3,9,5,N,A,Y,A,H,A,D,22,S,08,F,,,,,I,Y,N,D,1,0,0,0,22107.0,1,38.176014,-122.5931986,4
2013,2013-11-15,845,11,3,8,5,N,A,Y,A,H,A,A,01,N,07,B,,,,,C,N,N,D,1,0,0,0,21658.0,2,38.06835,-122.5385926,4
2013,2013-11-13,1720,11,3,17,3,N,A,Y,A,H,A,D,22,N,03,C,,,,,C,N,N,D,1,0,0,0,22350.0,3,38.0243414,-122.5385165,4
2013,2013-11-07,1730,11,3,17,4,N,A,Y,A,H,D,D,22,S,01,C,,,,,C,Y,N,D,2,0,0,0,23152.0,3,37.8684024,-122.5070654,4
2013,2013-11-15,1330,11,3,13,5,Y,A,Y,A,H,A,A,01,,08,C,,,,,C,N,N,A,1,0,0,0,22107.0,2,37.9619549,-122.5098944,4
2013,2013-11-20,807,11,3,8,3,N,B,N,B,H,A,A,01,E,09,D,,,,,C,Y,N,D,2,0,0,0,21804.0,2,37.9606237,-122.5048953,4
2013,2013-11-13,1027,11,3,10,3,N,A,N,A,H,A,A,01,S,03,C,,,,,C,N,N,D,1,0,0,0,22350.0,3,37.8603513,-122.4874201,4
2013,2013-10-22,639,10,3,6,2,N,A,N,A,H,C,A,01,E,04,C,,,,,C,Y,N,D,1,0,0,0,21703.0,2,37.9888167,-122.5911582,4
2013,2013-11-05,1242,11,3,12,2,Y,A,N,A,H,A,A,01,,10,G,Y,,,,B,N,N,D,1,1,0,0,21950.0,2,37.9351648,-122.5354732,4
2013,2013-11-04,854,11,3,8,1,N,A,Y,A,H,A,C,02,E,03,C,,,Y,,C,Y,N,D,1,0,0,1,22350.0,2,37.929075,-122.5156932,4
2013,2013-10-26,0,10,3,0,6,N,A,N,A,H,C,A,01,S,03,E,,,,,I,Y,M,D,1,0,0,0,22350.0,1,37.9410714,-122.5386696,3
2013,2013-10-25,1559,10,3,15,5,Y,A,N,A,H,A,A,01,,04,C,,,,,C,N,N,D,1,0,0,0,21703.0,2,37.9766249,-122.5594432,4
2013,2013-10-05,1527,10,3,15,6,Y,A,N,A,H,A,C,02,,21,H,,,Y,,J,N,N,D,1,0,0,1,22106.0,1,37.9775149,-122.5632831,4
2013,2013-12-02,1758,12,4,17,1,Y,A,N,A,H,C,D,22,,09,B,,,,,C,Y,N,A,1,0,0,0,21801.0,2,37.9719649,-122.5186231,4
2013,2013-11-30,1201,11,3,12,6,N,A,N,A,H,A,D,73,N,03,C,,,,,C,N,N,A,1,0,0,0,22350.0,2,37.9713897,-122.5298175,4
2013,2013-11-21,1430,11,3,14,4,N,A,N,A,H,A,A,01,W,21,H,,,,,C,Y,N,A,1,0,0,0,22106.0,3,37.9563771,-122.5011278,3
2013,2013-11-01,1040,11,3,10,5,Y,A,Y,A,H,A,A,01,,03,C,,,,,C,N,N,A,1,0,0,0,22350.0,5,37.9740648,-122.5413232,4
2013,2013-11-01,1438,11,3,14,5,N,A,N,A,H,A,A,01,E,21,C,,,,,C,N,N,D,3,0,0,0,22106.0,3,37.9011483,-122.5256235,4
2013,2013-11-20,2007,11,3,20,3,N,B,Y,B,H,D,A,01,S,03,F,,,,,J,Y,N,A,1,0,0,0,22350.0,1,,,3
2013,2013-11-20,1850,11,3,18,3,N,B,N,B,H,C,A,01,,08,D,,,,,C,Y,N,A,2,0,0,0,22107.0,2,37.89565488,-122.53513366,4
2013,2013-11-15,1501,11,3,15,5,Y,A,N,A,H,A,A,01,,04,C,,,,,C,Y,N,D,1,0,0,0,21703.0,3,38.0013649,-122.5532032,3
2013,2013-11-26,1434,11,3,14,2,Y,A,N,A,H,A,L,04,,09,D,,Y,,,G,N,N,D,1,0,1,0,21801.0,2,37.9679449,-122.5266132,3
2013,2013-11-15,1104,11,3,11,5,Y,A,N,A,H,A,A,01,,10,G,Y,,,,B,N,N,A,1,1,0,0,21950.0,2,37.9729649,-122.5260532,4
2013,2013-11-08,725,11,3,7,5,Y,A,N,A,H,A,A,01,,03,C,,,,,C,N,M,A,1,0,0,0,22350.0,3,37.9712849,-122.5209832,4
2013,2013-11-06,1324,11,3,13,3,Y,A,N,A,H,A,-,- ,,00,D,,,,,C,Y,N,A,1,0,0,0,,2,38.0073249,-122.5439232,4
2013,2013-11-09,57,11,3,0,6,N,A,N,A,H,C,A,01,E,01,B,,,,,C,Y,F,D,1,0,0,0,23153.0,2,37.9740632,-122.5370202,4
2013,2013-11-21,1151,11,3,11,4,Y,A,N,A,H,A,A,07,,08,B,,,,,C,N,N,A,1,0,0,0,22107.0,2,37.9707349,-122.5234132,4
2013,2013-11-21,1142,11,3,11,4,N,A,N,A,H,A,-,- ,W,00,B,,,,,C,Y,N,D,1,0,0,0,,2,38.0197841,-122.535319,4
2013,2013-11-23,1153,11,3,11,6,Y,A,N,A,H,A,L,04,,09,H,,Y,,,G,N,N,D,1,0,1,0,21801.0,2,37.9061549,-122.5484031,4
2013,2013-09-14,1350,9,3,13,6,N,A,N,A,H,A,N,60,E,11,G,Y,,,,B,N,N,D,1,1,0,0,21954.0,2,37.987032,-122.5887254,4
2013,2013-10-26,1352,10,3,13,6,N,A,N,A,H,A,L,04,E,03,H,,Y,,,G,N,N,D,1,0,1,0,22350.0,1,37.9889761,-122.5912259,4
2013,2013-09-05,232,9,3,2,4,N,A,N,A,H,C,A,01,E,08,E,,,,,I,Y,N,D,1,0,0,0,22107.0,1,37.98693219,-122.58535445,4
2013,2013-10-30,730,10,3,7,3,N,A,N,A,H,A,A,01,E,03,C,,,,,C,N,N,D,1,0,0,0,22350.0,2,37.9868052,-122.5864489,4
2013,2013-10-17,1909,10,3,19,4,N,A,N,A,H,C,A,01,S,01,E,,,,,J,Y,N,D,1,0,0,0,23152.0,2,37.9808416,-122.5932174,4
2013,2013-10-20,929,10,3,9,7,N,A,Y,A,H,A,A,01,W,21,C,,,,,C,N,M,A,1,0,0,0,22106.0,2,37.8790697,-122.5294872,4
2014,2014-01-27,1935,1,4,19,1,Y,A,N,A,H,C,C,02,,01,E,,,Y,,J,Y,N,D,0,0,0,0,23152.0,1,38.01900991,-122.52938999,1
2014,2014-06-03,1617,6,2,16,2,Y,A,N,A,H,A,N,60,,11,G,Y,,,,B,Y,N,A,0,0,0,0,21456.0,2,37.97128833,-122.52172059,1
2014,2014-10-04,122,10,3,1,6,N,A,Y,A,H,D,A,07,S,01,C,,,,,C,Y,N,D,2,0,0,0,23152.0,2,37.99398892,-122.53193398,1
2014,2014-11-01,430,11,3,4,6,N,A,Y,B,H,C,A,01,S,08,E,,,,,I,Y,N,D,0,0,0,0,22107.0,1,37.8973289,-122.51601198,1
2013,2013-11-06,1000,11,3,10,3,N,A,Y,A,H,A,L,04,N,03,C,Y,Y,,,-,N,N,D,1,0,1,0,22350.0,2,37.8269566,-122.4793059,4
2013,2013-11-05,755,11,3,7,2,N,A,N,A,H,A,A,01,E,08,E,,,,,J,Y,N,D,2,0,0,0,22107.0,1,37.8912319,-122.5156975,4
2013,2013-11-11,145,11,3,1,1,N,A,N,A,H,C,A,01,S,01,E,,,,,I,N,N,A,1,0,0,0,23152.0,1,38.0343822,-122.5392496,3
2013,2013-11-13,1520,11,3,15,3,N,A,Y,A,H,A,A,01,N,03,C,,,,,C,Y,N,D,1,0,0,0,22350.0,3,38.0090745,-122.5418651,4
2013,2013-11-13,1820,11,3,18,3,N,A,Y,A,H,C,A,01,N,03,C,,,,,C,Y,N,D,1,0,0,0,22350.0,2,37.9353929,-122.5165868,4
2013,2013-11-15,910,11,3,9,5,N,A,Y,A,D,A,A,07,S,03,C,,,,,C,Y,N,D,2,0,0,0,22350.0,2,37.8415637,-122.4857921,4
2013,2013-11-15,805,11,3,8,5,N,A,Y,A,H,A,A,01,W,03,C,,,,,C,Y,N,D,2,0,0,0,22350.0,2,,,3
2013,2013-11-15,1617,11,3,16,5,N,A,Y,A,H,A,A,01,S,03,C,,,,,C,N,N,D,1,0,0,0,22350.0,2,38.1128526,-122.5641994,4
2013,2013-11-15,850,11,3,8,5,N,A,Y,A,H,A,A,08,E,03,C,,,,,C,Y,N,D,2,0,0,0,22350.0,2,37.9413024,-122.471203,4
2013,2013-11-16,1728,11,3,17,6,N,A,Y,A,H,C,A,07,S,03,C,,,,,C,Y,N,-,2,0,0,0,22350.0,4,37.9023492,-122.5156368,4
2013,2013-11-20,829,11,3,8,3,Y,B,N,B,H,A,L,04,,08,D,,Y,,,G,N,N,A,1,0,1,0,22107.0,2,37.9456449,-122.5203831,3
2013,2013-11-13,1715,11,3,17,3,Y,A,N,A,H,C,A,01,,10,D,,Y,,,G,N,N,A,1,0,1,0,21950.0,2,37.8725349,-122.5057332,4
2013,2013-11-19,2005,11,3,20,2,N,C,Y,B,H,C,A,01,N,01,E,,,,,I,Y,N,D,1,0,0,0,23152.0,1,37.9906333,-122.5293815,4
2013,2013-11-19,2038,11,3,20,2,N,B,Y,B,H,C,A,01,S,07,D,,,,,C,N,N,D,1,0,0,0,21658.0,2,37.9681588,-122.5202244,4
2013,2013-12-13,2250,12,4,22,5,Y,A,N,A,H,C,A,08,,08,A,,,,,C,Y,N,D,1,0,0,0,22107.0,2,37.9719649,-122.5186231,4
2013,2013-12-13,1121,12,4,11,5,N,A,N,A,H,A,A,01,S,03,C,,,,,C,N,N,D,2,0,0,0,22350.0,2,38.0033009,-122.5381761,4
2013,2013-12-12,1704,12,4,17,4,N,A,N,A,H,C,A,01,E,08,B,,,,,E,Y,N,D,1,0,0,0,22107.0,2,38.0066124,-122.5573607,3
2013,2013-12-10,1600,12,4,16,2,N,A,N,A,G,A,C,02,,- ,H,,,Y,,J,N,N,D,1,0,0,1,,1,37.97515282,-122.52922386,4
2013,2013-03-24,1050,3,1,10,7,N,A,N,A,H,A,A,01,E,03,C,,,,,C,Y,N,D,2,0,0,0,22350.0,2,37.9769129,-122.562078,4
2013,2013-12-10,753,12,4,7,2,N,A,Y,A,H,A,D,23,E,08,E,,,,,I,Y,N,D,2,0,0,0,22107.0,2,37.9565373,-122.5015557,3
2013,2013-12-17,1122,12,4,11,2,N,A,N,A,H,A,D,22,W,03,C,,,,,C,Y,N,D,1,0,0,0,22350.0,2,37.9579615,-122.550639,4
2013,2013-12-20,1720,12,4,17,5,N,A,Y,A,H,C,D,22,S,03,C,,,,,C,Y,N,D,2,0,0,0,22350.0,2,37.9375564,-122.516826,4
2013,2013-12-20,1715,12,4,17,5,N,A,Y,A,H,D,A,01,S,03,C,,,,,C,N,N,D,1,0,0,0,22350.0,2,37.986262,-122.5250746,4
2013,2013-12-16,1404,12,4,14,1,N,A,N,A,H,A,A,01,W,09,D,,,,,C,Y,N,A,1,0,0,0,21801.0,2,37.900562,-122.529314,4
2013,2013-12-05,1046,12,4,10,4,N,A,N,A,H,A,-,- ,E,09,B,,,,,C,Y,N,D,1,0,0,0,21804.0,2,37.9602258,-122.5114869,3
2013,2013-12-01,121,12,4,1,7,N,A,N,A,H,C,A,01,W,08,C,,,,,E,Y,N,D,1,0,0,0,22107.0,3,38.0067472,-122.5459082,4
2013,2013-11-29,1525,11,3,15,5,N,A,Y,A,H,A,A,01,N,05,B,,,Y,,C,N,N,D,1,0,0,1,21460.0,2,37.8784659,-122.5553074,4
2013,2013-12-04,1750,12,4,17,3,N,A,Y,A,H,D,D,22,S,03,C,,,,,C,Y,N,D,1,0,0,0,22350.0,2,37.9582494,-122.509255,4
2013,2013-12-11,500,12,4,5,3,N,A,Y,A,H,D,D,22,E,08,E,,,,,I,Y,N,D,1,0,0,0,22107.0,1,38.0152519,-122.6929162,4
2013,2013-12-09,605,12,4,6,1,N,A,Y,A,H,A,A,07,N,04,C,,,,,C,N,N,D,2,0,0,0,21703.0,2,38.1299051,-122.5643258,4
2013,2013-12-04,1630,12,4,16,3,N,A,Y,A,H,A,D,22,S,03,C,,,,,C,Y,N,D,1,0,0,0,22350.0,2,37.979835,-122.5208932,4
2013,2013-12-06,1600,12,4,16,5,Y,B,N,B,H,A,A,01,,09,D,,,,,C,Y,N,D,1,0,0,0,21802.0,2,37.9754949,-122.4813932,4
2013,2013-12-01,1910,12,4,19,7,N,A,N,A,H,D,A,07,W,01,E,,,,,I,Y,N,D,1,0,0,0,23152.0,1,37.95142,-122.56395,3
2013,2013-12-05,1758,12,4,17,4,N,A,Y,A,H,C,A,01,N,03,C,,,,,C,N,N,D,1,0,0,0,22350.0,3,37.9303579,-122.5156755,4
2013,2013-12-01,2000,12,4,20,7,N,A,N,A,H,D,A,01,N,08,E,,,,,I,Y,N,D,1,0,0,0,22107.0,1,37.990047,-122.5300722,4
2013,2013-12-10,1836,12,4,18,2,N,A,Y,A,H,D,A,07,S,03,C,,,,,C,N,N,D,1,0,0,0,22350.0,3,37.959745,-122.5093832,4
2013,2013-12-05,1735,12,4,17,4,N,A,Y,A,H,B,A,07,N,03,C,,,,,C,Y,N,D,1,0,0,0,22350.0,3,37.8762871,-122.5109007,4
2013,2013-12-07,40,12,4,0,6,N,A,N,B,H,C,A,01,E,03,F,,,,,I,Y,N,D,1,0,0,0,22350.0,1,37.94278875,-122.50140846,3
2013,2013-12-12,801,12,4,8,4,N,A,Y,A,H,A,C,02,E,03,C,,,Y,,C,Y,N,D,1,0,0,1,22350.0,3,37.895255,-122.4967032,4
2013,2013-12-16,1730,12,4,17,1,N,A,Y,A,H,D,-,- ,E,- ,C,,,,,C,Y,M,D,2,0,0,0,,3,37.9460094,-122.4907393,3
2013,2013-12-13,450,12,4,4,5,N,A,N,C,H,D,A,08,W,03,A,,,,,I,Y,N,D,1,0,0,0,22350.0,1,38.0022772,-122.6121833,3
2013,2013-12-26,1615,12,4,16,4,N,A,Y,A,H,A,A,01,N,03,C,,,,,C,Y,N,D,1,0,0,0,22350.0,2,37.8284006,-122.4795927,3
2013,2013-12-23,1540,12,4,15,1,N,A,N,A,H,A,A,01,W,08,C,,,,,E,Y,N,D,1,0,0,0,22107.0,2,37.9572751,-122.553698,3
2013,2013-12-15,1130,12,4,11,7,N,A,N,A,H,A,L,04,W,04,C,,Y,,,G,N,N,D,2,0,2,0,21703.0,2,38.1322539,-122.7122406,4
2013,2013-12-14,1050,12,4,10,6,N,A,Y,A,H,A,A,01,S,06,B,,Y,,,G,N,F,D,1,0,1,0,21750.0,2,38.0055587,-122.7602886,4
2013,2013-12-22,1335,12,4,13,7,N,A,Y,A,H,A,A,01,S,09,D,,,,,C,Y,N,D,1,0,0,0,21801.0,2,38.0361296,-122.7834319,3
2013,2013-12-26,1000,12,4,10,4,N,A,Y,A,H,A,A,01,N,01,B,,,,,C,Y,N,D,1,0,0,0,23152.0,2,38.066336,-122.5376371,3
2013,2013-12-22,1510,12,4,15,7,N,A,N,A,H,A,A,01,W,08,E,,,,,I,Y,N,D,1,0,0,0,22107.0,1,38.04906691,-122.64366746,3
2013,2013-12-26,1315,12,4,13,4,N,A,Y,A,H,A,A,07,S,08,E,,,,,I,Y,N,D,2,0,0,0,22107.0,1,37.9609335,-122.5098143,3
2013,2013-12-22,1235,12,4,12,7,N,A,Y,A,H,A,L,04,W,03,F,,Y,,,A,N,N,D,1,0,1,0,22350.0,1,37.959745,-122.5093832,3
2013,2013-12-02,1600,12,4,16,1,N,A,Y,A,H,A,A,01,E,03,C,,,,,C,Y,N,D,2,0,0,0,22350.0,4,37.9426128,-122.4782892,4
2013,2013-12-10,1540,12,4,15,2,N,A,Y,A,H,A,A,01,N,03,C,,,,,C,N,N,D,2,0,0,0,22350.0,3,37.9278552,-122.5151921,4
2013,2013-12-10,1825,12,4,18,2,N,A,Y,A,H,D,A,01,S,03,C,,,,,C,N,N,D,1,0,0,0,22350.0,2,37.9665506,-122.5171678,4
2013,2013-12-05,1300,12,4,13,4,N,A,Y,A,H,A,A,01,N,08,E,,,,,I,Y,N,D,1,0,0,0,22107.0,2,38.0083182,-122.5417743,3
2013,2013-12-03,1041,12,4,10,2,N,A,Y,A,H,A,-,- ,S,18,D,,,,,C,Y,N,D,1,0,0,0,,3,37.8416989,-122.4859591,4
2013,2013-12-06,2312,12,4,23,5,N,C,Y,B,H,C,A,08,N,03,B,,,,,C,Y,N,D,1,0,0,0,22350.0,2,38.0297938,-122.5376558,4
2013,2013-12-07,1050,12,4,10,6,N,A,N,A,H,A,L,04,E,12,D,,Y,,,G,N,N,A,1,0,1,0,21453.0,2,37.8715139,-122.5105624,4
2013,2013-12-17,1415,12,4,14,2,N,A,Y,A,H,A,A,01,S,22,E,,,,,J,Y,N,D,1,0,0,0,,1,38.0619969,-122.5334795,4
2013,2013-12-07,1305,12,4,13,6,N,A,N,A,H,A,A,01,E,08,B,,,,,C,N,N,A,1,0,0,0,22107.0,3,37.9504394,-122.5335644,4
2013,2013-12-19,825,12,4,8,4,N,A,N,A,H,A,N,60,W,11,G,Y,,,,B,N,N,D,1,1,0,0,21954.0,2,37.95185419,-122.54026204,4
2013,2013-12-13,2037,12,4,20,5,N,A,Y,A,H,C,A,01,S,08,B,,,,,C,Y,N,D,1,0,0,0,22107.0,2,37.9353929,-122.5165868,3
2013,2013-12-11,1246,12,4,12,3,N,A,N,A,H,A,-,- ,S,10,G,Y,,,,B,N,N,A,1,1,0,0,21950.0,2,37.9061125,-122.5454732,4
2013,2013-11-20,830,11,3,8,3,Y,B,N,B,H,A,-,- ,,12,D,,,,,C,Y,N,A,1,0,0,0,21453.0,2,38.0066748,-122.5455732,3
2013,2013-12-31,820,12,4,8,2,N,B,N,B,H,A,A,01,W,03,E,,,,,I,N,N,D,1,0,0,0,22350.0,1,38.25307105,-122.8424558,4