ACCIDENT_YEAR,COLLISION_DATE,COLLISION_TIME,MONTH,SEASON,24HOURS,DAY_OF_WEEK,INTERSECTION,WEATHER_1,STATE_HWY_IND,ROAD_SURFACE,ROAD_COND_1,LIGHTING,STWD_VEHTYPE_AT_FAULT,CHP_VEHTYPE_AT_FAULT,DIRECTION,PCF_VIOL_CATEGORY,TYPE_OF_COLLISION,PEDESTRIAN_ACCIDENT,BICYCLE_ACCIDENT,MOTORCYCLE_ACCIDENT,TRUCK_ACCIDENT,MVIW,TOW_AWAY,HIT_AND_RUN,CONTROL_DEVICE,NUMBER_INJURED,COUNT_PED_INJURED,COUNT_BICYCLIST_INJURED,COUNT_MC_INJURED,PCF_VIOLATION,PARTY_COUNT,POINT_Y,POINT_X,COLLISION_SEVERITY
2016,2016-02-05,1800,2,4,18,5,N,A,Y,A,H,B,A,01,N,03,C,,,,,C,Y,N,D,3,0,0,0,22350.0,2,38.13736344,-122.56390124,3
2016,2016-02-05,1427,2,4,14,5,N,A,Y,A,H,A,A,01,S,03,C,,,,,C,Y,N,D,1,0,0,0,22350.0,2,,,4
2016,2016-02-01,1534,2,4,15,1,N,A,Y,A,H,A,A,07,E,21,C,,,,,C,N,N,D,1,0,0,0,22106.0,2,37.94568027,-122.52013569,4
2016,2016-02-03,1738,2,4,17,3,N,A,Y,A,H,C,D,22,N,07,C,,,,,C,Y,N,D,2,0,0,0,21658.0,2,37.94471,-122.51478,4
2016,2016-02-03,1705,2,4,17,3,N,A,Y,A,H,A,A,01,E,08,B,,,,,C,N,N,D,1,0,0,0,22107.0,2,37.94227023,-122.47630376,4
2016,2016-02-10,545,2,4,5,3,N,A,Y,A,H,C,I,11,N,08,C,,,,,C,Y,N,D,2,0,0,0,22107.0,3,38.04116157,-122.53698347,4
2016,2016-02-08,1610,2,4,16,1,N,A,Y,A,H,A,A,01,E,03,C,,,,,C,Y,N,D,1,0,0,0,22350.0,2,37.94070439,-122.46881366,4
2016,2016-02-10,1435,2,4,14,3,N,A,N,A,H,A,C,02,E,03,F,,,Y,,A,Y,N,D,1,0,0,1,22350.0,1,38.06423,-122.80514,3
2016,2016-02-08,1835,2,4,18,1,N,A,N,A,H,C,A,01,E,03,C,,,,,C,Y,N,A,1,0,0,0,22350.0,2,37.9558117,-122.54768643,4
2016,2016-02-12,855,2,4,8,5,N,A,N,A,H,A,-,- ,S,18,B,,,,Y,C,Y,N,D,0,0,0,0,,2,37.99164219,-122.53336614,1
2019,2019-10-26,1800,10,3,18,6,N,A,N,A,H,A,A,01,W,01,G,Y,,,,B,Y,N,D,1,1,0,0,23153.0,2,38.103679656982415,-122.54347229003906,2
2019,2019-10-04,244,10,3,2,5,N,A,N,A,H,C,A,01,N,01,E,,,,,I,N,N,A,1,0,0,0,23152.0,1,38.06816864013672,-122.53807830810548,4
2019,2019-10-18,745,10,3,7,5,Y,A,N,A,H,A,A,01,,09,D,,,,,C,N,N,A,1,0,0,0,21802.0,2,38.10771942138672,-122.57118988037108,4
2016,2016-01-31,1100,1,4,11,7,N,A,N,A,H,A,A,01,E,03,C,,,,,C,Y,N,D,1,0,0,0,22350.0,2,38.01518233,-122.6453899,4
2016,2016-02-10,1710,2,4,17,3,N,A,N,A,H,A,-,99,S,08,E,,,,,I,Y,F,D,1,0,0,0,22107.0,2,37.99084952,-122.53227695,3
2016,2016-02-07,1748,2,4,17,7,N,A,Y,A,H,B,A,07,S,01,C,,,,,C,Y,N,D,1,0,0,0,23152.0,2,38.00638351,-122.54125375,3
2016,2016-02-13,1815,2,4,18,6,N,A,Y,A,H,C,A,01,N,03,C,,,,,C,Y,N,D,2,0,0,0,22350.0,3,,,4
2016,2016-02-13,1125,2,4,11,6,N,A,Y,A,H,A,F,26,E,08,B,,,,Y,C,Y,N,D,1,0,0,0,22107.0,2,37.94090758,-122.46875345,2
2016,2016-02-14,1409,2,4,14,7,N,A,Y,A,H,A,A,01,W,03,C,,,,,C,N,N,D,2,0,0,0,22350.0,3,,,4
2016,2016-02-17,1700,2,4,17,3,N,B,Y,B,H,A,F,26,S,00,C,,,,Y,C,N,N,D,1,0,0,0,2350.0,2,,,4
2016,2016-02-17,818,2,4,8,3,N,B,Y,A,H,A,A,01,N,03,C,,,,,C,Y,N,D,1,0,0,0,22350.0,4,37.93273656,-122.5163449,4
2016,2016-02-15,1510,2,4,15,1,N,A,Y,A,H,A,A,01,E,03,C,,,,,C,Y,N,D,1,0,0,0,22350.0,2,37.94119084,-122.47094771,4
2016,2016-02-09,1730,2,4,17,2,N,A,N,A,H,B,A,01,S,03,H,,Y,,,G,N,N,A,1,0,1,0,22350.0,2,37.95265008,-122.54932899,4
2016,2016-02-17,1914,2,4,19,3,N,B,Y,B,H,D,D,22,S,03,F,,,,,A,Y,N,D,1,0,0,0,22350.0,1,38.10240944,-122.56147788,4
2020,2020-01-04,2030,1,4,20,6,N,A,N,A,H,D,A,01,W,10,G,Y,,,,B,N,N,A,1,1,0,0,21950.0,2,37.972213745117195,-122.52069854736328,4
2016,2016-02-04,1520,2,4,15,4,N,A,Y,A,H,A,A,08,S,03,C,,,,,C,N,N,D,1,0,0,0,22350.0,2,37.92070228,-122.51167967,4
2016,2016-02-07,1235,2,4,12,7,N,A,Y,A,H,A,A,01,S,07,E,Y,,,,I,Y,N,D,1,1,0,0,21658.0,2,38.10311116,-122.56184692,4
2016,2016-02-13,1745,2,4,17,6,N,A,Y,A,H,B,A,01,S,01,E,,,,,I,Y,N,D,1,0,0,0,23152.0,1,37.98227402,-122.73995061,3
2016,2016-02-20,1005,2,4,10,6,N,A,N,A,H,A,A,01,E,21,H,,Y,,,G,N,N,D,1,0,1,0,22106.0,2,37.89605941,-122.55912588,3
2016,2016-02-22,1018,2,4,10,1,N,A,Y,A,H,A,A,01,W,08,E,,,,,I,Y,N,D,1,0,0,0,22107.0,1,37.94966029,-122.49437713,2
2016,2016-02-12,1015,2,4,10,5,N,A,N,A,H,A,C,02,N,08,F,,,Y,,A,Y,N,D,1,0,0,1,22107.0,1,37.88640046,-122.5170511,2
2016,2016-02-20,1700,2,4,17,6,Y,A,Y,A,H,A,L,04,,03,F,,Y,,,A,N,N,D,1,0,1,0,22350.0,1,37.88601996,-122.54209997,3
2016,2016-02-20,1340,2,4,13,6,N,A,N,A,H,A,L,04,W,03,F,,Y,,,A,N,N,D,1,0,1,0,22350.0,1,37.89446655,-122.55843659,2
2016,2016-02-23,1643,2,4,16,2,N,A,Y,A,H,A,C,02,N,03,C,,,Y,,C,Y,N,D,1,0,0,1,22350.0,2,,,4
2016,2016-02-24,724,2,4,7,3,N,A,Y,A,H,A,A,01,S,03,C,,,,,C,Y,N,D,1,0,0,0,22350.0,3,,,3
2016,2016-02-25,855,2,4,8,4,N,A,Y,A,H,A,A,01,N,03,C,,,,,C,N,N,D,1,0,0,0,22350.0,2,37.84076125,-122.48656814,4
2016,2016-02-29,845,2,4,8,1,N,A,Y,A,H,A,A,01,S,03,C,,,,,C,Y,N,D,1,0,0,0,22350.0,2,38.08548402,-122.55221949,4
2016,2016-02-29,1700,2,4,17,1,N,A,Y,A,H,A,A,01,S,03,C,,,,,C,N,N,D,1,0,0,0,22350.0,2,37.95585733,-122.50856174,4
2016,2016-02-27,920,2,4,9,6,N,A,N,A,H,A,A,01,N,00,H,,Y,,,G,N,F,D,1,0,1,0,20001.0,2,37.83944,-122.48247,2
2016,2016-02-21,1025,2,4,10,7,N,A,Y,A,H,A,C,02,S,03,C,,,Y,,C,Y,N,D,1,0,0,1,22350.0,2,38.01882573,-122.54024433,2
2016,2016-02-26,1320,2,4,13,5,N,A,Y,A,H,A,A,01,S,03,C,,,,,C,Y,N,D,3,0,0,0,22350.0,3,37.94159,-122.51537,4
2016,2016-03-03,1710,3,1,17,4,N,A,Y,A,H,A,A,01,S,08,B,,,,,C,Y,N,D,3,0,0,0,22107.0,2,38.03163289,-122.5374482,4
2016,2016-03-01,1315,3,1,13,2,N,A,Y,A,H,A,A,07,N,08,E,,,,,I,Y,N,D,1,0,0,0,22107.0,1,,,3
2016,2016-02-06,1625,2,4,16,6,N,A,Y,A,H,A,C,02,N,03,F,,,Y,,A,N,M,D,1,0,0,1,22350.0,2,38.20238228,-122.92195358,3
2016,2016-03-02,1600,3,1,16,3,N,B,Y,B,H,A,A,01,N,08,C,,,,,C,N,N,D,1,0,0,0,22107.0,3,37.84661254,-122.48686685,4
2016,2016-02-29,1130,2,4,11,1,Y,A,Y,A,B,A,C,02,,03,E,,,Y,,I,Y,N,D,1,0,0,1,22350.0,1,37.88060558,-122.52405479,3
2016,2016-02-29,1815,2,4,18,1,N,B,N,A,H,D,-,- ,N,18,H,,,Y,,H,N,N,D,1,0,0,1,,1,37.92298831,-122.69308892,3
2016,2016-02-26,820,2,4,8,5,N,A,N,A,H,A,A,08,N,08,C,,,,,E,Y,N,D,1,0,0,0,22107.0,2,38.08208158,-122.52488925,2
2016,2016-02-29,1327,2,4,13,1,N,A,N,A,H,A,L,04,S,22,H,,Y,,,A,N,N,D,2,0,2,0,,2,,,2
2016,2016-03-07,825,3,1,8,1,N,B,Y,B,H,A,D,22,N,03,D,,,,,C,Y,N,D,1,0,0,0,22350.0,2,37.99471215,-122.53278175,4
2016,2016-03-03,725,3,1,7,4,N,C,Y,B,H,A,A,08,S,03,C,,,,,C,N,N,D,1,0,0,0,22350.0,9,,,4
2016,2016-03-04,1525,3,1,15,5,N,B,Y,B,H,A,A,01,S,03,C,,,,,C,Y,N,D,3,0,0,0,22350.0,2,37.95822855,-122.50901767,4
2016,2016-03-04,1132,3,1,11,5,N,C,Y,B,H,A,A,01,N,03,C,,,,,C,Y,N,D,1,0,0,0,22350.0,3,37.92602866,-122.51452245,4
2016,2016-03-04,2225,3,1,22,5,N,B,Y,B,H,C,A,01,N,03,E,,,,,I,Y,N,D,1,0,0,0,22350.0,2,37.97220809,-122.52146723,4
2016,2016-03-04,708,3,1,7,5,N,B,Y,B,H,A,A,01,N,03,C,,,,,C,Y,N,D,1,0,0,0,22350.0,2,37.99869171,-122.53565883,4
2016,2016-02-29,1828,2,4,18,1,N,A,Y,A,H,C,A,01,N,07,C,,,,,C,Y,N,D,6,0,0,0,21658.0,6,,,2
2016,2016-02-24,1005,2,4,10,3,N,A,Y,A,H,A,A,01,N,03,C,,,,,C,Y,N,D,1,0,0,0,22350.0,2,,,4
2016,2016-03-04,1505,3,1,15,5,N,B,Y,B,H,A,A,01,S,03,C,,,,,C,N,N,D,2,0,0,0,22350.0,2,37.89856214,-122.51591762,4
2016,2016-02-21,225,2,4,2,7,N,A,Y,A,H,D,A,01,N,08,E,,,,,I,Y,M,D,1,0,0,0,22107.0,1,38.16920985,-122.58373531,3
2016,2016-03-14,820,3,1,8,1,Y,A,N,B,H,A,A,01,,09,D,,,,,C,Y,N,A,1,0,0,0,21802.0,2,38.02517988,-122.56869986,4
2016,2016-03-06,2245,3,1,22,7,N,B,Y,B,H,C,A,01,N,08,E,,,,,I,Y,N,D,1,0,0,0,22107.0,1,37.9362711,-122.51690375,4
2016,2016-03-08,1410,3,1,14,2,N,B,N,A,H,A,F,26,N,03,E,,,,Y,J,Y,N,D,1,0,0,0,22350.0,1,37.90827006,-122.47863011,4
2016,2016-03-09,1250,3,1,12,3,N,B,Y,B,H,A,A,01,N,07,B,,,,,C,Y,N,D,1,0,0,0,21658.0,3,,,4
2016,2016-03-10,1420,3,1,14,4,N,C,Y,B,H,A,A,08,S,04,C,,,,,C,Y,N,D,4,0,0,0,21703.0,2,38.17585264,-122.5929803,3
2016,2016-03-10,1515,3,1,15,4,N,B,Y,B,H,A,A,01,S,03,C,,,,,C,N,M,D,1,0,0,0,22350.0,2,37.98706977,-122.52566082,4
2016,2016-03-11,855,3,1,8,5,N,C,Y,B,H,A,A,07,S,03,D,,,,,C,N,N,D,1,0,0,0,22350.0,2,37.95986869,-122.50932371,4
2016,2016-03-09,1825,3,1,18,3,N,B,Y,B,H,B,A,01,N,03,C,,,,,C,N,F,D,1,0,0,0,22350.0,2,37.93012084,-122.51562982,4
2016,2016-03-05,1225,3,1,12,6,N,B,Y,B,H,A,D,22,N,03,A,,,,,C,Y,N,D,3,0,0,0,22350.0,2,37.99568682,-122.53349321,2
2016,2016-03-11,1139,3,1,11,5,N,B,Y,B,H,A,A,01,N,08,E,,,,,I,Y,N,D,1,0,0,0,22107.0,1,37.99908668,-122.53562717,4
2016,2016-03-14,1225,3,1,12,1,N,A,N,A,H,A,A,01,E,08,E,,,,,I,Y,N,D,1,0,0,0,22107.0,1,38.09409588,-122.84876175,4
2019,2019-11-21,1829,11,3,18,4,Y,A,N,A,H,C,A,01,,21,-,Y,,,,B,N,N,A,1,1,0,0,22106.0,2,37.90666961669922,-122.54621124267578,4
2019,2019-11-26,1710,11,3,17,2,N,B,N,B,H,D,A,01,W,03,-,,Y,,,G,N,N,A,1,0,1,0,22350.0,2,37.89218521118164,-122.5173568725586,3
2016,2016-03-14,1650,3,1,16,1,Y,A,N,A,H,A,A,01,,09,H,,Y,,,G,N,N,D,1,0,1,0,21801.0,2,37.90806994,-122.47829986,3
2016,2016-03-05,450,3,1,4,6,N,B,Y,B,H,C,A,07,N,08,E,,,,,I,Y,N,D,1,0,0,0,22107.0,1,37.99472,-122.53273,4
2016,2016-03-19,1135,3,1,11,6,N,A,Y,A,H,A,D,22,S,03,C,,,,,C,Y,N,D,1,0,0,0,22350.0,2,37.87751145,-122.51275916,4
2016,2016-03-19,1415,3,1,14,6,N,A,Y,A,H,A,A,01,N,03,B,,,,,C,Y,N,D,1,0,0,0,22350.0,2,37.96971711,-122.52168283,4
2016,2016-03-20,1244,3,1,12,7,N,B,Y,B,H,A,D,22,N,04,C,,,,,C,Y,N,D,1,0,0,0,21703.0,2,38.03498821,-122.53702292,4
2016,2016-03-15,1730,3,1,17,2,N,A,Y,A,H,A,D,22,S,03,C,,,,,C,Y,N,D,1,0,0,0,22350.0,3,37.99081234,-122.52936716,4
2016,2016-03-15,1529,3,1,15,2,N,A,Y,A,H,A,L,04,E,17,E,,Y,,,I,N,N,A,1,0,1,0,21200.0,1,37.89919801,-122.5047514,3
2016,2016-03-15,1535,3,1,15,2,N,A,N,A,H,A,L,04,S,17,H,,Y,,,G,N,N,D,1,0,1,0,21200.0,2,37.87342,-122.51183,3
2016,2016-03-23,531,3,1,5,3,N,A,Y,A,H,D,D,22,N,03,C,,,,,C,Y,N,D,1,0,0,0,22350.0,4,38.1684787,-122.58290863,4
2016,2016-03-15,1810,3,1,18,2,N,A,Y,A,H,A,A,01,W,03,C,,,,,C,N,M,D,1,0,0,0,22350.0,3,,,4
2016,2016-03-16,1835,3,1,18,3,N,A,Y,A,H,A,-,99,E,03,C,,,,,C,Y,F,D,2,0,0,0,22350.0,2,37.94139458,-122.47174914,4
2016,2016-03-16,205,3,1,2,3,N,A,Y,A,H,C,A,01,E,01,E,,,,,I,Y,N,D,1,0,0,0,23152.0,1,37.9448769,-122.48831828,3
2016,2016-03-18,1545,3,1,15,5,N,A,Y,A,H,A,A,01,N,04,C,,,,,C,N,N,D,3,0,0,0,21703.0,3,37.97912004,-122.52096031,4
2016,2016-03-19,1955,3,1,19,6,N,B,N,A,H,D,A,01,E,08,E,,,,,I,Y,M,D,1,0,0,0,22107.0,1,38.06423,-122.80514,3
2016,2016-03-19,720,3,1,7,6,N,B,N,A,H,A,A,01,S,08,E,,,,,I,Y,M,D,1,0,0,0,22107.0,1,38.13850299,-122.70758215,3
2016,2016-03-22,2100,3,1,21,2,N,A,Y,A,H,A,A,01,S,03,C,,,,,C,N,N,D,2,0,0,0,22350.0,2,,,4
2016,2016-03-23,1720,3,1,17,3,N,A,N,A,H,A,L,04,N,03,C,,Y,,,G,N,N,D,1,0,1,0,22350.0,2,37.89796163,-122.50478111,3
2016,2016-03-23,1502,3,1,15,3,N,A,Y,A,H,A,A,07,N,03,C,,,,,C,N,N,D,1,0,0,0,22350.0,3,37.90562068,-122.51521448,4
2016,2016-03-23,2045,3,1,20,3,N,A,N,A,H,C,A,01,S,03,C,,,,,C,N,F,A,1,0,0,0,22350.0,4,37.95517769,-122.54809615,4
2016,2016-03-24,1840,3,1,18,4,N,A,Y,A,H,A,A,01,E,03,C,,,,,C,Y,N,D,2,0,0,0,22350.0,3,37.94039416,-122.46734817,4
2016,2016-03-27,635,3,1,6,7,N,A,Y,A,H,D,A,01,N,08,E,,,,,I,Y,N,D,1,0,0,0,22107.0,1,38.13402263,-122.56367702,4
2016,2016-03-26,1145,3,1,11,6,N,A,Y,A,H,A,A,01,N,03,C,,,,,C,Y,N,D,1,0,0,0,22350.0,2,37.87522844,-122.50962306,4
2016,2016-03-26,1735,3,1,17,6,N,A,Y,A,H,A,A,01,N,03,C,,,,,C,N,N,D,3,0,0,0,22350.0,2,37.94670297,-122.4915261,3
2016,2016-03-28,1500,3,1,15,1,N,A,Y,A,H,A,F,55,S,03,C,,,,Y,C,N,N,D,1,0,0,0,22350.0,3,37.90241,-122.5142,4
2016,2016-03-27,0,3,1,0,7,N,A,Y,A,H,C,A,01,N,08,C,,,,,C,Y,N,D,1,0,0,0,22107.0,2,37.99267994,-122.53123963,2
2016,2016-03-17,200,3,1,2,4,N,A,N,A,H,C,A,07,E,01,E,,,,,I,Y,N,D,1,0,0,0,23152.0,1,37.9423248,-122.49906868,3
2016,2016-03-26,2140,3,1,21,6,Y,A,Y,A,H,D,A,01,,12,D,,,,,C,N,N,D,1,0,0,0,22450.0,2,,,4
2016,2016-03-26,215,3,1,2,6,N,A,Y,A,H,D,A,01,S,01,E,,,,,I,Y,N,D,2,0,0,0,23152.0,1,38.10451199,-122.56221285,3
2016,2016-03-24,1012,3,1,10,4,N,A,N,A,H,A,A,01,W,01,E,,,,,I,Y,N,D,1,0,0,0,23152.0,1,37.87151641,-122.51073226,3
2016,2016-03-28,1735,3,1,17,1,N,A,Y,A,H,A,E,22,N,03,C,,,,,C,Y,N,D,2,0,0,0,22350.0,5,,,3
2016,2016-03-22,625,3,1,6,2,N,A,Y,B,H,A,D,22,S,03,C,,,,,C,Y,N,D,2,0,0,0,22350.0,3,38.06440147,-122.53592622,4
2016,2016-04-06,830,4,1,8,3,N,A,Y,A,H,A,A,07,S,03,C,,,,,C,Y,N,D,1,0,0,0,22350.0,3,37.95731358,-122.50912135,4
2019,2019-12-21,1829,12,4,18,6,N,A,N,A,H,C,A,01,,07,H,,,,,E,N,N,D,1,0,0,0,21658.0,2,37.97492980957031,-122.49649810791016,4
2019,2019-12-28,2221,12,4,22,6,Y,A,N,A,H,C,A,01,,09,D,,,,,C,N,N,A,1,0,0,0,21801.0,2,37.97031021118164,-122.51898956298828,3
2016,2016-03-27,320,3,1,3,7,N,A,N,A,H,D,A,01,E,01,E,,,,,I,Y,N,D,1,0,0,0,23152.0,1,38.24211238,-122.89228961,3
2016,2016-03-27,1520,3,1,15,7,N,A,N,A,H,A,A,01,W,07,C,,,,,E,Y,N,D,1,0,0,0,21658.0,2,37.9855478,-122.57447245,4
2016,2016-04-06,1700,4,1,17,3,N,A,Y,A,H,A,A,01,S,03,C,,,,,C,Y,N,D,1,0,0,0,22350.0,2,37.91112443,-122.51293735,4
2016,2016-04-02,1520,4,1,15,6,N,A,Y,A,H,A,A,01,N,07,C,,,Y,,C,Y,N,D,1,0,0,1,21658.0,2,38.13688805,-122.56386769,2
2016,2016-04-05,1510,4,1,15,2,N,A,Y,A,H,A,D,22,N,03,C,,,,,C,Y,N,D,2,0,0,0,22350.0,5,38.16405452,-122.57642039,4
2016,2016-04-06,2050,4,1,20,3,N,A,Y,A,H,D,A,01,S,08,B,,,,,C,Y,N,D,1,0,0,0,22107.0,2,38.11126113,-122.56395327,3
2016,2016-04-08,1555,4,1,15,5,N,B,Y,A,H,A,A,01,N,03,C,,,,,C,N,N,D,3,0,0,0,22350.0,2,37.90817067,-122.51420161,4
2016,2016-04-06,730,4,1,7,3,N,A,Y,A,H,A,A,07,S,07,B,,,Y,,C,Y,N,D,1,0,0,1,21658.0,2,,,4
2016,2016-04-07,826,4,1,8,4,N,B,Y,A,H,A,D,22,N,07,B,,,,Y,C,N,F,D,1,0,0,0,21658.0,2,37.95919559,-122.50942115,4
2016,2016-04-10,25,4,1,0,7,N,B,Y,B,H,D,A,01,N,08,E,,,,,I,Y,N,D,1,0,0,0,22107.0,1,37.84287915,-122.48546417,4
2016,2016-04-09,1100,4,1,11,6,N,C,Y,B,H,A,A,07,S,03,C,,,,,C,N,N,D,1,0,0,0,22350.0,2,38.02082899,-122.53919597,4
2019,2019-11-29,1924,11,3,19,5,N,A,Y,A,H,C,A,01,E,03,C,,,,,C,,N,A,1,0,0,0,22350.0,2,38.0648307800293,-122.53632354736328,4
2019,2019-11-15,900,11,3,9,5,N,B,N,A,H,A,A,01,E,03,C,,,,,C,N,N,A,2,0,0,0,22350.0,2,38.04826736450195,-122.53347778320312,4
2016,2016-04-10,1705,4,1,17,7,N,B,Y,A,H,A,A,01,N,08,E,,,,,I,Y,N,D,1,0,0,0,22107.0,1,38.28951944,-122.89908213,4
2016,2016-04-02,1300,4,1,13,6,N,A,N,A,H,A,L,04,W,03,F,,Y,,,A,N,N,D,1,0,1,0,22350.0,2,38.10861427,-122.87622251,3
2016,2016-04-03,1600,4,1,16,7,N,A,Y,A,H,A,A,07,N,05,D,,,,,C,Y,N,D,1,0,0,0,21460.0,3,37.9061049,-122.65033588,4
2016,2016-04-06,1140,4,1,11,3,N,A,Y,A,H,A,A,01,N,03,C,,,,,C,Y,N,D,1,0,0,0,22350.0,3,37.96535951,-122.5153159,4
2016,2016-04-06,1835,4,1,18,3,N,A,Y,A,H,A,D,22,S,07,B,,,,,C,N,N,D,1,0,0,0,21658.0,2,37.94254,-122.51504,4
2016,2016-04-11,1700,4,1,17,1,N,B,Y,A,H,A,-,- ,N,18,E,,,,,I,N,N,D,1,0,0,0,,1,,,4
2016,2016-04-11,1825,4,1,18,1,N,A,N,A,H,A,A,01,E,03,C,,,,,C,N,N,D,1,0,0,0,22350.0,2,37.94563569,-122.52002422,4
2016,2016-04-12,2211,4,1,22,2,N,B,Y,A,D,C,D,22,S,03,C,,,,,C,Y,N,A,1,0,0,0,22350.0,3,37.93334309,-122.51621891,4
2016,2016-04-09,1045,4,1,10,6,N,B,Y,B,H,A,D,22,N,03,D,,,,,C,Y,N,D,1,0,0,0,22350.0,3,,,4
2016,2016-04-09,1235,4,1,12,6,N,B,Y,B,H,A,D,22,S,03,A,,,,,C,Y,N,D,1,0,0,0,22350.0,3,38.006447,-122.54107805,4
2016,2016-04-13,650,4,1,6,3,N,A,Y,A,H,A,A,07,S,03,C,,,,,C,Y,N,D,1,0,0,0,22350.0,2,38.08548538,-122.5521914,4
2016,2016-04-13,1350,4,1,13,3,N,A,Y,A,H,A,A,01,S,04,C,,,,,C,N,N,D,1,0,0,0,21703.0,2,37.93633153,-122.51671277,4
2016,2016-04-13,1930,4,1,19,3,N,A,N,A,H,B,D,22,E,01,E,,,,,I,Y,N,D,1,0,0,0,23152.0,1,38.11934273,-122.71384285,3
2016,2016-04-15,1750,4,1,17,5,N,A,Y,A,H,A,A,08,S,03,C,,,,,C,Y,N,D,2,0,0,0,22350.0,3,37.95811053,-122.5089951,4
2016,2016-04-17,1600,4,1,16,7,N,A,Y,A,H,A,C,02,N,03,F,,,Y,,A,Y,N,D,1,0,0,1,22350.0,1,38.09255785,-122.82588032,4
2016,2016-04-17,2235,4,1,22,7,N,A,Y,A,H,D,A,01,E,03,C,,,,,C,Y,N,D,2,0,0,0,22350.0,2,37.95279823,-122.49794007,4
2016,2016-04-18,1800,4,1,18,1,N,A,Y,A,H,A,A,01,S,07,C,,,Y,,C,Y,N,D,1,0,0,1,21658.0,2,37.91625932,-122.51125036,3
2016,2016-04-12,1645,4,1,16,2,N,A,Y,A,H,A,C,02,S,03,C,,,Y,,C,N,N,D,1,0,0,1,22350.0,2,,,4
2016,2016-04-18,1745,4,1,17,1,N,A,Y,A,H,A,A,07,N,03,C,,,,,C,Y,N,D,3,0,0,0,22350.0,4,37.98962677,-122.52820318,4
2016,2016-04-21,1322,4,1,13,4,N,B,Y,A,B,A,A,01,E,03,C,,,,,C,N,N,D,1,0,0,0,22350.0,2,37.93996813,-122.46598128,4
2016,2016-04-21,725,4,1,7,4,N,B,Y,A,H,A,A,01,W,08,E,,,,,I,Y,N,D,1,0,0,0,22107.0,1,37.94385768,-122.48088424,3
2016,2016-03-25,1435,3,1,14,5,N,A,Y,A,H,A,D,22,S,03,C,,,,,C,Y,N,D,3,0,0,0,22350.0,3,,,4
2016,2016-04-03,705,4,1,7,7,N,B,Y,A,H,A,A,01,N,03,E,,,,,I,Y,N,D,5,0,0,0,22350.0,1,37.985058,-122.74207083,3
2016,2016-04-15,1110,4,1,11,5,N,A,Y,A,H,A,A,01,S,03,C,,,,,C,N,N,D,1,0,0,0,22350.0,2,37.94341706,-122.51528335,4
2016,2016-04-17,650,4,1,6,7,N,A,Y,A,H,A,A,08,N,07,C,,,,,C,Y,N,D,1,0,0,0,21658.0,2,38.11905156,-122.56549002,4
2016,2016-04-18,815,4,1,8,1,N,A,N,A,H,A,D,22,E,03,C,,,,,C,Y,N,D,1,0,0,0,22350.0,2,38.14273213,-122.70558748,4
2016,2016-04-02,1503,4,1,15,6,Y,A,N,A,H,A,-,- ,,00,C,,,,,C,N,N,D,1,0,0,0,,2,37.9487199,-122.52836994,4
2016,2016-05-02,920,5,1,9,1,N,A,Y,A,H,A,A,01,S,03,C,,,,,C,N,F,A,1,0,0,0,22350.0,2,38.06479,-122.53538,4
2016,2016-04-01,2045,4,1,20,5,N,A,N,A,H,D,A,01,E,08,E,,,,,I,Y,N,D,2,0,0,0,22107.0,2,38.0200227,-122.72897065,1
2016,2016-04-22,1425,4,1,14,5,N,A,Y,A,H,A,A,01,N,03,B,,,,,C,N,N,D,1,0,0,0,22350.0,3,,,4
2016,2016-04-24,1045,4,1,10,7,N,A,Y,A,H,A,A,07,N,03,C,,,,,C,N,N,D,2,0,0,0,22350.0,3,37.99536,-122.53216,4
2016,2016-04-22,130,4,1,1,5,N,B,Y,B,H,C,A,01,S,08,E,,,,,I,Y,N,D,1,0,0,0,22107.0,1,38.10183795,-122.56177346,4
2016,2016-04-24,835,4,1,8,7,N,A,Y,A,H,A,A,01,N,08,E,,,,,I,Y,N,D,1,0,0,0,22107.0,1,38.16317442,-122.57525226,4
2016,2016-04-26,1655,4,1,16,2,N,A,N,A,H,A,A,07,E,03,C,,,,,C,N,N,D,1,0,0,0,22350.0,2,37.9422497,-122.49977401,4
2016,2016-04-27,1450,4,1,14,3,N,A,N,A,H,A,A,01,N,08,E,,,,,I,Y,N,D,1,0,0,0,22107.0,1,38.01368398,-122.6879995,3
2016,2016-04-27,1657,4,1,16,3,N,A,Y,A,H,A,A,01,S,03,C,,,,,C,N,N,D,2,0,0,0,22350.0,2,,,4
2016,2016-04-28,1515,4,1,15,4,N,A,Y,A,H,A,D,22,N,03,C,,,,,C,Y,N,D,1,0,0,0,22350.0,2,38.16645632,-122.57937949,4
2016,2016-05-03,745,5,1,7,2,N,A,Y,A,H,A,A,01,N,03,C,,,,,C,N,N,D,1,0,0,0,22350.0,3,38.08026148,-122.54667918,4
2016,2016-05-05,1735,5,1,17,4,N,A,Y,A,H,A,A,01,S,07,B,,,,,C,N,N,D,1,0,0,0,21658.0,2,37.92191402,-122.51257695,4
2016,2016-04-26,2155,4,1,21,2,N,A,Y,A,H,C,A,07,N,01,B,,,,,C,Y,F,D,1,0,0,0,23152.0,2,38.04215663,-122.53648448,4
2016,2016-05-03,1645,5,1,16,2,Y,B,Y,A,H,A,L,04,,12,H,,Y,,,G,N,N,A,1,0,1,0,22450.0,2,37.87949996,-122.51506987,3
2016,2016-05-04,1555,5,1,15,3,N,A,Y,A,H,A,A,07,N,08,E,,,,,I,Y,N,D,1,0,0,0,22107.0,1,37.94302,-122.51485,3
2016,2016-05-03,645,5,1,6,2,N,A,Y,A,H,A,A,07,S,03,C,,,,,C,N,N,D,1,0,0,0,22350.0,2,38.08881624,-122.55573391,4
2016,2016-05-02,1416,5,1,14,1,N,A,N,A,H,A,A,07,E,21,C,,,,,C,N,N,D,1,0,0,0,22106.0,2,37.95246116,-122.53737183,4