ACCIDENT_YEAR,COLLISION_DATE,COLLISION_TIME,MONTH,SEASON,24HOURS,DAY_OF_WEEK,INTERSECTION,WEATHER_1,STATE_HWY_IND,ROAD_SURFACE,ROAD_COND_1,LIGHTING,STWD_VEHTYPE_AT_FAULT,CHP_VEHTYPE_AT_FAULT,DIRECTION,PCF_VIOL_CATEGORY,TYPE_OF_COLLISION,PEDESTRIAN_ACCIDENT,BICYCLE_ACCIDENT,MOTORCYCLE_ACCIDENT,TRUCK_ACCIDENT,MVIW,TOW_AWAY,HIT_AND_RUN,CONTROL_DEVICE,NUMBER_INJURED,COUNT_PED_INJURED,COUNT_BICYCLIST_INJURED,COUNT_MC_INJURED,PCF_VIOLATION,PARTY_COUNT,POINT_Y,POINT_X,COLLISION_SEVERITY
2017,2017-11-03,650,11,3,6,5,N,B,N,B,H,A,D,22,W,08,E,,,,,I,Y,N,D,1,0,0,0,22107.0,1,38.04433468,-122.61681174,3
2017,2017-11-03,710,11,3,7,5,N,B,N,B,H,A,A,01,W,03,E,,,,,I,Y,N,D,1,0,0,0,22350.0,1,38.04398088,-122.61524088,3
2017,2017-10-31,1630,10,3,16,2,N,A,Y,A,H,A,A,07,S,03,C,,,,,C,N,N,D,1,0,0,0,22350.0,2,,,3
2020,2020-02-28,941,2,4,9,5,N,A,N,A,H,A,-,,N,09,G,Y,,,,B,N,N,A,1,1,0,0,21806.0,2,37.97427749633789,-122.52942657470705,4
2020,2020-02-18,1851,2,4,18,2,Y,A,N,A,H,C,A,01,,01,G,Y,,,,B,Y,F,D,1,1,0,0,23153.0,2,37.96546936035156,-122.5072021484375,3
2017,2017-10-24,1310,10,3,13,2,N,A,Y,A,H,A,A,01,S,21,C,,,,,C,N,F,A,1,0,0,0,22106.0,2,37.92628,-122.5132,4
2017,2017-11-02,640,11,3,6,4,N,A,Y,A,H,B,A,07,S,07,B,,,,,C,N,N,D,1,0,0,0,21658.0,2,,,4
2017,2017-11-02,700,11,3,7,4,N,A,Y,A,H,B,A,07,N,03,C,,,,,C,Y,F,D,1,0,0,0,22350.0,3,37.93436674,-122.51663865,4
2017,2017-11-02,1534,11,3,15,4,N,A,Y,A,H,A,A,01,S,03,C,,,,,C,N,N,D,3,0,0,0,22350.0,3,37.98617409,-122.52508444,4
2017,2017-11-06,740,11,3,7,1,N,A,N,A,H,A,D,22,W,03,C,,,,,C,Y,N,D,1,0,0,0,22350.0,2,37.94616942,-122.52148928,4
2017,2017-11-02,820,11,3,8,4,N,A,Y,A,H,A,D,23,S,07,E,,,,,I,Y,N,D,2,0,0,0,21658.0,2,38.07605308,-122.54216537,3
2017,2017-11-02,1300,11,3,13,4,N,A,Y,A,H,A,A,01,W,03,C,,,,,C,Y,N,A,2,0,0,0,22350.0,2,,,4
2017,2017-11-04,1300,11,3,13,6,N,A,Y,A,H,A,D,22,N,08,F,,,,,A,Y,N,D,1,0,0,0,22107.0,1,38.16557722,-122.57850352,4
2017,2017-11-04,1245,11,3,12,6,N,A,N,B,G,A,C,02,E,08,F,,,Y,,I,N,N,D,1,0,0,1,22107.0,1,37.95286656,-122.58870006,3
2017,2017-11-05,420,11,3,4,7,N,A,N,A,H,D,A,01,N,01,E,,,,,I,Y,N,D,1,0,0,0,23152.0,1,37.99006457,-122.52924772,3
2017,2017-11-05,1130,11,3,11,7,N,A,Y,A,H,A,A,01,N,08,B,,,,,C,N,N,D,1,0,0,0,22107.0,2,37.88032556,-122.52387215,4
2017,2017-11-02,14,11,3,0,4,N,B,N,B,H,C,A,01,W,01,E,,,,,I,Y,N,D,1,0,0,0,23152.0,1,37.94596718,-122.52130028,4
2017,2017-10-29,222,10,3,2,7,N,B,Y,A,H,C,A,01,S,07,B,,,,,C,N,F,D,4,0,0,0,21658.0,2,37.89664709,-122.51606608,4
2017,2017-11-02,2330,11,3,23,4,N,B,Y,A,H,C,-,- ,N,00,C,,,,,C,Y,N,D,3,0,0,0,,2,38.0820235,-122.54854842,4
2017,2017-11-08,2040,11,3,20,3,N,C,Y,B,H,D,A,07,S,03,B,,,,,C,Y,N,D,1,0,0,0,22350.0,3,37.987448,-122.52604224,4
2017,2017-11-09,505,11,3,5,4,N,B,Y,B,H,A,D,22,N,03,B,,,,,C,Y,N,D,1,0,0,0,22350.0,2,37.99485,-122.53287,4
2017,2017-11-10,655,11,3,6,5,N,B,Y,B,H,A,A,01,S,03,B,,,,Y,C,Y,N,D,1,0,0,0,22350.0,3,37.98488875,-122.52358709,4
2017,2017-11-10,821,11,3,8,5,N,B,Y,B,H,A,A,07,N,03,E,,,,,I,Y,N,D,2,0,0,0,22350.0,1,,,4
2017,2017-11-12,1340,11,3,13,7,N,A,N,A,H,A,-,- ,S,00,F,,Y,,,A,N,N,D,1,0,1,0,,1,37.84335511,-122.47830289,2
2017,2017-11-05,1750,11,3,17,7,N,A,Y,A,H,C,A,01,S,03,C,,,,,C,Y,N,D,2,0,0,0,22350.0,4,37.94234,-122.5151,4
2017,2017-11-14,545,11,3,5,2,N,A,Y,A,B,B,D,22,E,03,E,,,,,I,N,N,D,1,0,0,0,22350.0,1,37.94214666,-122.47505733,4
2020,2020-02-11,1127,2,4,11,2,N,A,N,A,H,A,L,04,N,05,D,,Y,,,G,N,N,A,1,0,1,0,21650.0,2,37.8935775756836,-122.52993774414062,3
2017,2017-11-05,1430,11,3,14,7,Y,A,Y,A,H,A,A,07,,09,H,,Y,,,G,N,N,D,1,0,1,0,21801.0,2,37.89716477,-122.4984276,3
2017,2017-11-09,26,11,3,0,4,N,C,Y,B,H,D,D,22,N,03,F,,,,,I,Y,N,D,1,0,0,0,22350.0,2,37.85763222,-122.49905947,3
2017,2017-11-03,520,11,3,5,5,N,C,Y,B,H,D,D,22,N,03,E,,,,,I,Y,N,D,2,0,0,0,22350.0,2,37.85287,-122.4926,4
2017,2017-11-09,2131,11,3,21,4,N,C,Y,B,H,D,N,60,S,11,G,Y,,,,B,N,N,D,1,1,0,0,21954.0,2,38.07588,-122.54281,2
2017,2017-11-12,2010,11,3,20,7,N,A,N,A,H,C,-,- ,S,18,B,,,,,E,N,N,D,1,0,0,0,,3,37.93983,-122.48635,4
2017,2017-10-28,642,10,3,6,6,N,A,Y,A,H,D,A,01,W,05,A,,,,,C,Y,N,D,5,0,0,0,21651.0,2,37.94484776,-122.48406438,2
2017,2017-11-09,1906,11,3,19,4,Y,A,N,A,H,C,-,- ,,00,G,Y,,,,B,N,N,A,2,2,0,0,,3,37.87147999,-122.51061993,4
2017,2017-11-15,2335,11,3,23,3,N,B,Y,B,H,C,A,01,N,03,E,,,,,I,Y,N,D,1,0,0,0,22350.0,1,38.10494251,-122.56237006,4
2017,2017-11-15,725,11,3,7,3,N,B,Y,B,H,A,D,22,S,03,C,,,,,C,Y,N,D,1,0,0,0,22350.0,3,,,4
2017,2017-11-18,1850,11,3,18,6,N,A,Y,A,H,D,A,01,S,03,C,,,,,C,Y,N,D,1,0,0,0,22350.0,2,38.18535175,-122.60073707,4
2017,2017-11-18,1256,11,3,12,6,N,A,N,A,H,A,A,01,E,01,A,,,,,C,Y,N,D,3,0,0,0,23152.0,2,37.83552629,-122.48483956,2
2017,2017-10-07,1146,10,3,11,6,N,A,N,A,H,A,D,22,W,08,H,,Y,,,J,N,F,D,4,0,4,0,22107.0,5,38.14877871,-122.70272408,2
2017,2017-11-20,1850,11,3,18,1,N,A,Y,A,H,D,A,01,W,03,C,,,,,C,Y,N,D,1,0,0,0,22350.0,2,37.95204509,-122.49715702,4
2017,2017-11-20,1914,11,3,19,1,N,A,Y,A,H,C,A,01,N,01,B,,,,,C,N,N,D,1,0,0,0,23152.0,3,37.99776169,-122.53468166,4
2017,2017-11-22,1830,11,3,18,3,N,A,N,A,H,C,A,01,N,01,B,,,,,E,Y,N,D,1,0,0,0,23152.0,2,37.95746517,-122.54834499,3
2017,2017-11-20,2010,11,3,20,1,N,A,N,A,H,D,-,- ,W,18,C,,,,,E,Y,N,D,1,0,0,0,,4,38.1627216,-122.89314151,3
2017,2017-11-21,1455,11,3,14,2,N,B,Y,A,H,A,G,26,S,07,D,,,,Y,C,Y,N,D,1,0,0,0,21658.0,2,37.98101191,-122.52167669,4
2017,2017-11-22,1310,11,3,13,3,N,B,Y,A,H,A,A,01,N,03,C,,,,,C,N,N,D,1,0,0,0,22350.0,2,38.14398636,-122.56440399,4
2017,2017-11-24,1725,11,3,17,5,N,A,Y,A,H,C,A,01,W,03,C,,,,,C,N,N,D,1,0,0,0,22350.0,2,37.94481891,-122.48563044,4
2017,2017-11-11,440,11,3,4,6,N,C,Y,B,H,D,A,01,N,01,E,,,,,I,Y,N,D,1,0,0,0,23152.0,1,37.85563568,-122.49418894,2
2017,2017-11-27,1250,11,3,12,1,N,A,Y,A,H,A,A,01,S,03,C,,,,,C,N,N,A,3,0,0,0,22350.0,3,38.09223,-122.55724,4
2017,2017-11-21,1610,11,3,16,2,Y,A,Y,A,H,B,A,01,,09,D,,,,,C,Y,N,D,2,0,0,0,21801.0,2,37.90220513,-122.51124722,4
2017,2017-11-22,118,11,3,1,3,N,A,Y,A,H,C,A,01,S,08,B,,,,,C,N,N,D,1,0,0,0,22107.0,2,37.96134284,-122.50963237,4
2017,2017-11-22,2020,11,3,20,3,N,A,Y,A,H,C,A,01,S,01,E,,,,,I,Y,N,D,1,0,0,0,23152.0,1,37.85066976,-122.49005184,4
2017,2017-11-23,2230,11,3,22,4,N,A,Y,A,H,C,A,01,E,01,E,,,,,I,Y,N,D,1,0,0,0,23152.0,2,38.03359253,-122.5380474,4
2017,2017-11-17,1835,11,3,18,5,N,A,Y,A,H,D,A,01,N,07,B,,,Y,,C,Y,N,D,1,0,0,1,21658.0,3,38.13681839,-122.56386277,3
2017,2017-10-07,558,10,3,5,6,N,A,N,A,H,D,A,01,E,08,C,,,,Y,E,Y,N,D,0,0,0,0,22107.0,2,37.94322862,-122.5017361,1
2017,2017-11-27,715,11,3,7,1,N,A,Y,B,H,A,A,07,S,07,C,,,Y,,C,Y,N,D,1,0,0,1,21658.0,2,38.01494127,-122.54172358,3
2017,2017-11-23,320,11,3,3,4,N,A,Y,A,H,C,D,22,N,08,B,,,,,C,Y,F,D,2,0,0,0,22107.0,2,38.05243879,-122.53084192,4
2017,2017-11-26,240,11,3,2,7,N,B,Y,A,H,D,-,- ,N,18,B,,,,Y,C,Y,N,D,1,0,0,0,,2,38.16965622,-122.58444239,3
2017,2017-11-27,2015,11,3,20,1,N,A,Y,A,H,C,A,01,W,03,C,,,,,C,Y,N,D,2,0,0,0,22350.0,2,37.93505973,-122.44411727,4
2017,2017-11-29,2238,11,3,22,3,N,A,N,A,H,C,A,01,E,08,E,,,,,I,Y,M,D,1,0,0,0,22107.0,1,37.87143,-122.50986182,3
2017,2017-11-30,1818,11,3,18,4,N,A,Y,A,H,C,A,01,S,07,B,,,Y,,C,Y,F,D,1,0,0,1,21658.0,2,37.89764728,-122.51598844,3
2017,2017-11-30,1915,11,3,19,4,N,A,Y,A,H,C,A,08,S,03,C,,,,,C,Y,N,D,1,0,0,0,22350.0,2,38.00713,-122.56848,4
2017,2017-11-26,1610,11,3,16,7,N,B,Y,B,H,A,A,01,S,08,E,,,,,I,Y,N,D,2,0,0,0,22107.0,1,37.98549185,-122.52411954,3
2017,2017-12-05,1830,12,4,18,2,N,A,Y,A,H,D,A,01,N,03,C,,,,,C,Y,N,D,1,0,0,0,22350.0,2,38.12677106,-122.56539028,4
2017,2017-11-26,1745,11,3,17,7,N,B,N,B,H,D,D,22,N,03,E,,,,,J,Y,N,D,2,0,0,0,22350.0,1,38.18449878,-122.72189548,3
2017,2017-12-06,1050,12,4,10,3,N,A,Y,A,H,A,A,01,S,08,E,,,,,I,Y,N,D,1,0,0,0,22107.0,1,38.03261647,-122.53735688,4
2017,2017-11-26,1030,11,3,10,7,N,C,Y,B,H,A,A,01,E,03,F,,,,,I,Y,N,D,1,0,0,0,22350.0,1,37.95371121,-122.49862745,3
2017,2017-11-26,1615,11,3,16,7,N,B,Y,B,H,A,A,01,N,08,C,,,,,C,Y,N,D,1,0,0,0,22107.0,3,37.99449035,-122.53261953,3
2017,2017-11-21,835,11,3,8,2,N,A,Y,A,H,A,A,07,N,07,B,,,,,C,N,F,D,1,0,0,0,21658.0,2,37.9365524,-122.51694347,4
2017,2017-11-08,2200,11,3,22,3,N,B,Y,B,H,D,F,26,N,08,E,,,,Y,I,Y,N,D,0,0,0,0,22107.0,1,37.99482317,-122.53254369,1
2017,2017-12-01,1645,12,4,16,5,N,A,N,A,H,C,-,- ,E,18,A,,,,,E,Y,N,D,1,0,0,0,,2,37.9189939,-122.48435557,4
2017,2017-11-23,2306,11,3,23,4,N,A,Y,A,H,C,A,01,S,01,C,,,,,C,Y,N,D,1,0,0,0,23152.0,2,38.08683533,-122.55324671,3
2017,2017-11-28,1715,11,3,17,2,N,A,Y,A,H,C,A,01,N,03,C,,,,,C,Y,N,D,1,0,0,0,22350.0,3,37.95020559,-122.51145727,4
2017,2017-12-03,30,12,4,0,7,N,B,Y,B,H,C,A,01,N,03,E,,,,,I,Y,N,D,2,0,0,0,22350.0,2,37.94834903,-122.512945,3
2017,2017-12-04,1755,12,4,17,1,N,A,Y,A,H,C,A,01,N,03,C,,,,,C,Y,N,D,1,0,0,0,22350.0,2,37.99518723,-122.53281013,4
2017,2017-12-05,1710,12,4,17,2,N,A,Y,A,H,D,A,01,S,03,C,,,,,C,Y,N,D,2,0,0,0,22350.0,2,37.98018102,-122.52129742,4
2017,2017-12-04,1740,12,4,17,1,N,A,Y,A,H,C,A,01,N,03,C,,,,,C,Y,N,D,1,0,0,0,22350.0,2,38.11177333,-122.56436594,4
2017,2017-11-29,1620,11,3,16,3,N,A,Y,A,H,A,A,01,N,08,D,,,,,C,Y,F,A,1,0,0,0,22107.0,2,,,4
2017,2017-11-30,2250,11,3,22,4,N,A,N,A,H,D,A,01,W,01,E,,,,,I,Y,N,D,2,0,0,0,23152.0,1,,,2
2017,2017-12-06,1725,12,4,17,3,N,A,Y,A,H,C,A,01,S,07,B,,,,,C,Y,N,D,3,0,0,0,21658.0,2,37.99337555,-122.53149308,4
2017,2017-12-08,1716,12,4,17,5,N,A,N,A,H,D,A,08,E,03,C,,,,,C,Y,N,D,2,0,0,0,22350.0,2,37.95116648,-122.53537884,3
2017,2017-12-09,1325,12,4,13,6,Y,A,N,A,H,A,A,01,,08,A,,,,,C,Y,N,D,2,0,0,0,22107.0,2,37.88769,-122.52598987,4
2017,2017-12-10,928,12,4,9,7,N,A,N,A,H,A,L,04,N,22,E,,Y,,,I,N,N,D,1,0,1,0,,1,37.82856343,-122.47988505,3
2017,2017-12-03,1543,12,4,15,7,N,A,Y,A,H,A,A,01,S,03,E,,,,,I,Y,N,D,1,0,0,0,22350.0,2,37.85022809,-122.48989386,3
2017,2017-12-11,620,12,4,6,1,N,A,Y,A,H,B,-,- ,N,18,E,,,,,J,Y,N,D,1,0,0,0,,1,37.96263575,-122.51102898,4
2017,2017-12-13,1340,12,4,13,3,N,A,Y,A,H,A,A,07,,03,C,,,,,C,N,N,D,1,0,0,0,22350.0,2,37.95935648,-122.50922907,4
2017,2017-12-14,1530,12,4,15,4,N,A,Y,A,H,A,A,07,N,03,C,,,,,C,Y,N,D,1,0,0,0,22350.0,2,37.97755415,-122.52072535,4
2017,2017-12-15,658,12,4,6,5,N,B,Y,A,H,A,A,01,S,03,C,,,,,C,Y,N,D,2,0,0,0,22350.0,2,38.06400608,-122.53558439,4
2017,2017-12-15,1604,12,4,16,5,N,A,Y,A,H,A,A,01,E,03,C,,,,,C,N,N,D,1,0,0,0,22350.0,2,37.9465,-122.49132,4
2017,2017-12-18,1320,12,4,13,1,N,A,Y,A,H,A,D,22,N,03,C,,,,,C,Y,N,D,2,0,0,0,22350.0,2,37.95930634,-122.50921981,3
2017,2017-12-19,1730,12,4,17,2,N,A,Y,A,H,D,A,07,S,03,C,,,,,C,Y,N,D,1,0,0,0,22350.0,3,37.9131735,-122.51243468,4
2017,2017-12-20,1515,12,4,15,3,N,A,Y,A,H,A,A,01,N,07,B,,,,,C,N,N,D,1,0,0,0,21658.0,2,37.97404052,-122.52121779,4
2017,2017-12-13,815,12,4,8,3,N,A,Y,A,H,A,A,07,S,03,C,,,,Y,C,Y,N,D,1,0,0,0,22350.0,2,,,3
2017,2017-12-19,955,12,4,9,2,N,A,N,A,G,A,N,60,E,11,G,Y,,,,B,N,N,D,1,1,0,0,21954.0,2,37.89826004,-122.5121252,3
2017,2017-12-27,1020,12,4,10,3,N,A,Y,A,H,A,A,01,S,07,F,,,,,A,Y,F,D,1,0,0,0,21658.0,2,38.15875461,-122.57002279,4
2017,2017-12-14,1705,12,4,17,4,N,A,Y,A,H,D,A,01,E,01,D,,,,,C,Y,N,D,1,0,0,0,23152.0,2,38.09339975,-122.52702302,4
2017,2017-12-05,1440,12,4,14,2,Y,A,Y,A,B,A,A,01,,09,D,,,,,D,Y,N,A,2,0,0,0,21802.0,2,37.9396499,-122.70517833,3
2017,2017-12-24,1055,12,4,10,7,N,B,Y,A,H,A,A,01,S,08,C,,,,,C,Y,N,D,3,0,0,0,22107.0,2,38.04163467,-122.53674164,4
2017,2017-12-17,330,12,4,3,7,N,A,Y,A,H,D,A,07,S,01,E,,,,,I,Y,N,D,2,0,0,0,23152.0,1,38.15354775,-122.56778655,4
2017,2017-12-23,920,12,4,9,6,N,B,N,A,H,A,A,07,N,01,E,,,,,I,Y,N,D,1,0,0,0,23152.0,1,38.05537183,-122.7590169,4
2017,2017-12-22,345,12,4,3,5,N,A,Y,A,H,D,A,01,S,08,E,,,,,I,Y,N,D,1,0,0,0,22107.0,1,38.15344099,-122.56774028,3
2017,2017-12-23,130,12,4,1,6,N,A,Y,A,H,D,A,07,W,08,F,,,,,A,Y,N,D,1,0,0,0,22107.0,1,37.95146534,-122.4965489,4
2017,2017-12-28,1205,12,4,12,4,N,A,N,A,H,A,A,01,W,21,B,,,,,C,Y,N,D,1,0,0,0,22106.0,2,37.89820064,-122.51353796,4
2017,2017-12-28,1445,12,4,14,4,N,A,N,A,H,A,A,01,E,21,B,,,,,C,Y,N,D,1,0,0,0,22106.0,2,38.01457983,-122.66114599,4
2018,2018-01-01,2,1,4,0,1,N,A,N,A,H,D,A,01,N,01,E,,,,,I,Y,N,D,1,0,0,0,23152.0,1,37.88695526123047,-122.52950286865234,3
2018,2018-01-03,1800,1,4,18,3,N,B,Y,B,H,D,A,01,N,03,C,,,,,C,Y,N,D,1,0,0,0,22350.0,2,38.12506484985352,-122.56585693359376,4
2018,2018-01-04,855,1,4,8,4,N,B,Y,B,H,A,A,01,N,07,B,,,,,C,Y,N,D,3,0,0,0,21658.0,2,37.84621810913086,-122.48671722412108,4
2018,2018-01-04,1105,1,4,11,4,N,B,Y,B,H,A,A,01,N,08,B,,,,,C,N,N,D,1,0,0,0,22107.0,2,38.0677604675293,-122.80556488037108,4
2018,2018-01-01,1050,1,4,10,1,N,A,Y,A,H,A,A,07,S,03,C,,,Y,,C,Y,N,D,1,0,0,1,22350.0,2,37.9643783569336,-122.51356506347656,3
2018,2018-01-05,1655,1,4,16,5,N,C,Y,B,H,B,A,01,N,08,E,,,,,I,Y,N,D,1,0,0,0,22107.0,1,37.83954620361328,-122.48680877685548,4
2018,2018-01-05,1013,1,4,10,5,N,B,Y,B,H,A,A,07,N,03,E,,,,,I,Y,N,D,4,0,0,0,22350.0,2,,,3
2018,2018-01-05,1420,1,4,14,5,N,B,N,B,H,A,A,08,W,05,A,,,,,C,Y,N,D,2,0,0,0,21460.0,2,38.04433441162109,-122.61681365966795,3
2018,2018-01-04,1740,1,4,17,4,N,C,Y,B,H,C,A,01,N,03,C,,,,,C,Y,N,D,1,0,0,0,22350.0,3,37.99515151977539,-122.53278350830078,3
2018,2018-01-04,1400,1,4,14,4,N,B,Y,B,H,A,-,- ,S,18,F,,,,,A,Y,N,D,1,0,0,0,,1,38.117462158203125,-122.56525421142578,4
2018,2018-01-08,1620,1,4,16,1,N,C,Y,B,H,A,A,01,N,03,C,,,,,C,Y,N,D,2,0,0,0,22350.0,2,37.959857940673835,-122.5093231201172,4
2018,2018-01-08,1120,1,4,11,1,N,B,Y,B,H,A,A,07,N,03,F,,,,,A,Y,N,D,1,0,0,0,22350.0,1,37.85610961914063,-122.49447631835938,3
2018,2018-01-05,925,1,4,9,5,N,B,Y,B,H,A,A,07,N,03,B,,,,,C,Y,N,D,1,0,0,0,22350.0,2,37.855613708496094,-122.4941635131836,4
2018,2018-01-05,1329,1,4,13,5,N,B,Y,B,H,A,D,22,N,03,E,,,,,I,Y,N,D,1,0,0,0,22350.0,1,37.85513305664063,-122.49381256103516,4
2018,2018-01-03,1630,1,4,16,3,N,A,Y,A,H,B,A,01,E,03,C,,,,,C,N,N,D,1,0,0,0,22350.0,2,37.942432403564446,-122.47716522216795,4
2018,2018-01-05,1250,1,4,12,5,N,B,Y,B,H,A,-,- ,S,18,C,,,,,C,N,N,D,1,0,0,0,,2,37.899993896484375,-122.51581573486328,4
2018,2018-01-04,1245,1,4,12,4,N,C,Y,B,H,A,A,07,N,08,E,,,,,I,Y,N,D,2,0,0,0,22107.0,1,,,3
2018,2018-01-06,5,1,4,0,6,N,A,Y,B,H,D,A,01,S,01,C,,,,,C,Y,N,D,3,0,0,0,23152.0,2,38.1571044921875,-122.56874084472656,3
2018,2018-01-08,1847,1,4,18,1,N,C,Y,B,H,D,A,01,N,03,B,,,,,C,Y,F,D,2,0,0,0,22350.0,2,38.131492614746094,-122.56365966796876,4
2018,2018-01-09,725,1,4,7,2,N,B,Y,B,H,A,D,22,N,07,B,,,,,C,Y,N,D,1,0,0,0,21658.0,2,37.83727645874024,-122.4858856201172,2
2018,2018-01-05,1330,1,4,13,5,N,A,Y,A,H,A,A,01,N,07,B,,,,,C,Y,N,D,2,0,0,0,21658.0,2,37.90583038330078,-122.51537322998048,4
2017,2017-12-31,1205,12,4,12,7,Y,A,N,A,H,A,A,01,,08,D,,Y,,,G,N,F,D,1,0,1,0,22107.0,2,37.89352995,-122.55725995,4
2017,2017-12-24,1337,12,4,13,7,N,B,Y,A,H,A,A,01,N,03,C,,,,,C,Y,F,D,2,0,0,0,22350.0,2,37.92674,-122.51312,4
2018,2018-01-08,1116,1,4,11,1,N,C,Y,B,H,A,A,01,S,03,B,,,,,C,Y,N,D,2,0,0,0,22350.0,3,,,4
2018,2018-01-11,1755,1,4,17,4,N,B,Y,A,H,C,D,22,S,03,C,,,,,C,N,N,D,1,0,0,0,22350.0,2,37.98766326904297,-122.52653503417967,4
2018,2018-01-16,730,1,4,7,2,N,B,Y,B,H,A,D,22,S,03,C,,,,,C,N,N,D,1,0,0,0,22350.0,2,38.0053825378418,-122.54058837890624,4
2018,2018-01-09,1042,1,4,10,2,N,B,Y,A,H,A,A,01,N,04,C,,,,,C,Y,N,D,5,0,0,0,21703.0,4,37.98126220703125,-122.52153778076172,4
2018,2018-01-12,1730,1,4,17,5,N,A,Y,A,H,D,A,01,S,03,C,,,,,C,N,N,A,1,0,0,0,22350.0,3,37.93125915527344,-122.5158233642578,4
2018,2018-01-12,1121,1,4,11,5,N,B,Y,A,H,A,N,60,E,11,G,Y,,,,B,N,N,A,1,1,0,0,21954.0,2,37.95964813232422,-122.50565338134766,4
2018,2018-01-08,530,1,4,5,1,N,B,Y,B,H,D,A,01,W,03,E,,,,,J,Y,N,D,1,0,0,0,22350.0,1,37.95252990722656,-122.49739074707033,3
2018,2018-01-15,155,1,4,1,1,N,A,Y,A,H,D,A,01,S,01,E,,,,,I,Y,N,D,1,0,0,0,23152.0,1,38.13825607299805,-122.5641860961914,3
2018,2018-01-13,1500,1,4,15,6,N,B,N,A,H,A,F,26,S,03,C,,,,Y,C,N,N,D,1,0,0,0,22350.0,2,37.99468612670898,-122.54090118408205,4
2018,2018-01-17,1420,1,4,14,3,N,B,N,A,H,A,A,01,E,08,E,,,,,I,Y,N,D,1,0,0,0,22107.0,1,38.1558837890625,-122.6960906982422,2
2018,2018-01-20,1710,1,4,17,6,N,A,N,A,H,A,A,07,N,03,C,,,,,C,N,N,D,1,0,0,0,22350.0,3,37.83501434326172,-122.48500061035156,4
2018,2018-01-22,940,1,4,9,1,N,A,Y,B,H,A,D,22,S,03,D,,,,,C,Y,N,D,2,0,0,0,22350.0,2,37.99389266967773,-122.5321807861328,4
2018,2018-01-22,848,1,4,8,1,N,B,Y,B,H,A,A,01,E,03,C,,,,,C,Y,N,D,2,0,0,0,22350.0,4,37.95606231689453,-122.5010986328125,3
2018,2018-01-22,918,1,4,9,1,N,B,Y,B,H,A,D,22,N,01,E,,,,,I,Y,N,D,1,0,0,0,23152.0,1,37.9329948425293,-122.51639556884766,3
2018,2018-01-23,630,1,4,6,2,Y,E,N,B,H,D,A,01,,12,D,,,,,C,Y,N,A,1,0,0,0,22450.0,2,38.149051666259766,-122.70259857177734,4
2017,2017-11-26,835,11,3,8,7,N,B,Y,B,H,A,D,22,N,03,F,,,,,A,Y,N,D,0,0,0,0,22350.0,2,37.85564778,-122.49420024,1
2018,2018-01-17,1314,1,4,13,3,N,B,N,A,H,A,A,01,E,05,H,,Y,,,G,N,F,D,1,0,1,0,21460.0,2,37.91084671020508,-122.59730529785156,2
2018,2018-01-19,821,1,4,8,5,N,A,N,B,H,A,A,01,W,09,B,,,,,C,Y,N,D,1,0,0,0,21804.0,2,37.955242156982415,-122.55265045166016,4
2018,2018-01-18,355,1,4,3,4,N,B,Y,A,H,D,A,01,S,01,E,,,,,I,Y,N,D,1,0,0,0,23152.0,1,37.864864349365234,-122.50715637207033,4
2018,2018-01-20,1300,1,4,13,6,N,A,Y,A,H,A,D,22,S,04,C,,,,,C,N,N,D,2,0,0,0,21703.0,2,38.185279846191406,-122.60073089599608,4
2018,2018-01-25,1835,1,4,18,4,N,B,Y,B,H,D,A,07,S,03,C,,,,,C,N,N,D,1,0,0,0,22350.0,2,37.9162712097168,-122.51124572753906,4
2018,2018-01-20,1125,1,4,11,6,N,A,Y,A,H,A,C,02,N,08,F,,,Y,,A,N,N,D,1,0,0,1,22107.0,1,38.17888641357422,-122.90765380859376,3
2018,2018-01-23,1558,1,4,15,2,N,A,Y,A,H,A,A,01,N,03,C,,,,,C,Y,N,D,2,0,0,0,22350.0,3,37.97132873535156,-122.52171325683594,4
2018,2018-01-24,1850,1,4,18,3,N,C,Y,B,H,C,D,22,S,08,E,,,,,I,Y,N,D,1,0,0,0,22107.0,1,37.850372314453125,-122.4897003173828,3
2018,2018-01-26,715,1,4,7,5,N,A,Y,A,H,A,A,01,S,04,C,,,,,C,Y,N,D,1,0,0,0,21703.0,3,38.03045654296875,-122.5375747680664,3
2018,2018-01-25,630,1,4,6,4,N,B,Y,B,H,C,A,01,N,03,C,,,,,C,Y,N,D,1,0,0,0,22350.0,2,38.07350540161133,-122.541015625,4
2018,2018-01-25,1000,1,4,10,4,N,B,N,B,H,A,A,01,W,03,F,,,,,A,Y,N,D,1,0,0,0,22350.0,1,38.04342651367188,-122.61184692382812,4
2018,2018-01-31,1635,1,4,16,3,N,A,Y,A,H,A,A,01,S,03,C,,,,,C,N,N,D,1,0,0,0,22350.0,2,,,4
2018,2018-01-27,1310,1,4,13,6,N,A,Y,A,H,A,-,- ,N,18,E,,,,,I,Y,N,D,1,0,0,0,,1,37.90940856933594,-122.5138931274414,4
2018,2018-02-02,803,2,4,8,5,N,A,Y,A,H,A,A,07,S,03,C,,,,,C,Y,N,D,1,0,0,0,22350.0,3,38.043434143066406,-122.53559112548828,4
2018,2018-01-28,1424,1,4,14,7,N,A,N,A,H,A,C,02,E,03,F,,,Y,,A,N,N,D,1,0,0,1,22350.0,1,38.253360748291016,-122.85063934326172,2